timestamp,accelX,accelY,accelZ,gyroX,gyroY,gyroZ
90,0.89,-0.12,0.62,21.1,1.3,-8.4
120,0.90,-0.05,0.37,7.1,2.1,-9.3
150,0.89,0.00,0.34,-14.2,-2.4,-12.7
150,0.87,-0.09,0.54,-11.0,-2.6,-13.2
181,0.87,-0.12,0.62,6.3,2.2,-10.0
181,0.91,-0.02,0.48,11.5,3.7,-9.7
210,0.89,-0.07,0.47,8.2,2.1,-13.7
240,0.87,-0.14,0.54,4.5,2.5,-13.9
240,0.87,-0.09,0.51,0.9,4.8,-13.4
270,0.84,-0.13,0.48,-1.0,5.7,-14.8
300,0.82,-0.19,0.54,-10.5,6.2,-15.1
300,0.83,-0.20,0.49,-12.7,9.2,-14.0
330,0.83,-0.22,0.41,7.6,9.8,-10.6
360,0.87,-0.23,0.39,10.4,8.5,-8.6
391,0.92,-0.24,0.44,2.8,9.2,-7.6
391,0.98,-0.22,0.37,-0.5,10.1,-7.3
420,0.98,-0.26,0.30,2.6,7.8,-6.9
451,0.94,-0.27,0.34,-2.3,6.3,-4.6
451,0.93,-0.14,0.34,-7.4,6.5,-4.6
480,0.98,-0.19,0.29,-9.4,5.6,-5.8
510,0.97,-0.18,0.29,4.9,1.6,-4.2
541,0.93,-0.16,0.36,15.7,-0.4,-3.7
542,0.89,-0.22,0.52,10.1,0.2,-4.6
570,0.88,-0.25,0.52,-3.8,3.7,-5.1
600,0.88,-0.27,0.43,-10.6,5.8,-3.8
601,0.87,-0.21,0.34,-4.8,4.2,-2.6
629,0.86,-0.20,0.37,1.4,2.6,-2.6
660,0.89,-0.25,0.38,-2.6,4.2,-0.9
691,0.91,-0.24,0.33,-3.1,3.9,-0.4
691,0.92,-0.24,0.33,-5.1,2.6,0.8
720,0.90,-0.19,0.32,-11.2,1.2,1.8
722,0.88,-0.19,0.31,-10.3,0.6,1.5
750,0.89,-0.21,0.31,-2.8,-0.9,1.8
781,0.92,-0.15,0.35,6.2,-2.3,3.4
782,0.92,-0.16,0.38,8.2,-2.9,2.7
810,0.92,-0.26,0.38,-0.5,-2.2,2.8
870,0.90,-0.15,0.36,6.3,-3.5,5.4
871,0.88,-0.11,0.42,28.4,-5.4,6.2
871,0.83,-0.09,0.56,27.2,-2.6,5.1
900,0.85,-0.07,0.54,2.3,2.3,2.8
959,0.92,-0.05,0.41,-8.2,3.5,-0.1
960,0.99,-0.08,0.40,12.9,1.2,-0.5
962,1.05,-0.08,0.52,56.1,0.2,-1.3
963,1.10,-0.06,0.52,57.9,2.0,-2.3
990,1.08,-0.14,0.40,40.3,2.9,-9.5
1021,0.98,-0.28,0.44,34.9,0.4,-7.6
1022,0.92,-0.04,0.54,41.0,1.8,-7.5
1050,0.93,0.10,0.57,40.8,3.9,-11.5
1080,0.94,-0.17,0.40,46.3,8.7,-21.4
1110,0.95,-0.32,0.36,22.4,8.2,-23.2
1110,1.04,-0.26,0.47,-21.5,7.9,-24.2
1140,1.11,-0.07,0.37,-14.4,10.4,-28.3
1142,1.14,-0.14,0.22,22.0,0.6,-32.7
1170,1.05,-0.36,0.77,33.4,2.9,-31.6
1200,1.02,-0.26,0.64,21.8,14.9,-32.5
1231,0.97,-0.34,0.21,14.6,9.6,-33.2
1231,0.71,-0.23,0.24,9.0,3.1,-37.0
1260,0.76,-1.00,0.37,32.8,-4.0,-40.6
1291,0.92,-0.93,0.37,64.6,-6.2,-20.6
1291,1.05,0.23,0.56,71.9,-9.8,-16.7
1320,1.10,0.11,0.71,27.5,-2.0,-45.5
1351,1.06,-0.26,0.66,11.1,5.0,-51.3
1351,0.95,-0.38,0.43,42.0,7.6,-51.3
1380,1.00,-0.56,0.23,84.3,2.6,-47.2
1411,1.06,-0.46,0.32,94.7,-0.4,-45.0
1441,1.04,-0.32,0.45,75.0,-0.5,-49.4
1441,1.09,-0.30,0.51,43.2,1.8,-55.8
1470,1.06,-0.32,0.62,26.5,6.6,-63.7
1500,1.09,-0.69,0.63,-6.7,12.9,-67.2
1500,1.13,-0.80,0.53,-28.5,17.8,-62.6
1531,1.11,-0.72,0.24,-24.6,17.4,-56.5
1531,0.95,-0.65,0.12,-24.2,14.8,-54.1
1560,0.83,-0.53,0.12,-19.7,8.7,-45.6
1590,0.70,-0.45,0.25,-12.6,7.6,-42.5
1623,0.52,-0.42,0.30,-33.1,13.4,-38.0
1649,0.43,-0.50,0.07,-65.6,16.0,-35.0
1649,0.43,-0.47,-0.09,-61.9,8.7,-30.0
1681,0.36,-0.49,0.25,-27.7,7.0,-21.7
1681,0.28,-0.27,0.33,-8.5,12.0,-17.8
1712,0.34,-0.14,-0.07,30.5,18.1,-16.6
1712,0.39,-0.46,-0.07,27.1,14.6,-17.2
1740,0.35,-0.56,0.14,2.6,12.8,-11.4
1772,0.36,-0.32,-0.07,1.0,18.9,-2.1
1772,0.40,-0.14,-0.16,29.3,13.3,0.1
1801,0.44,-0.10,-0.07,26.9,11.0,-2.1
1832,0.40,-0.17,0.30,-0.9,20.1,-5.4
1832,0.42,-0.09,0.21,-0.4,24.0,-7.0
1860,0.52,0.02,-0.23,12.8,22.8,-14.4
1890,0.63,-0.21,-0.12,20.8,12.9,-29.1
1891,0.71,-0.33,-0.04,18.7,11.8,-32.7
1920,0.78,-0.48,0.14,36.7,12.7,-38.5
1950,0.80,-0.71,0.08,57.3,16.5,-42.0
1980,0.81,-1.01,-0.20,25.8,13.5,-43.6
1981,0.82,-1.13,-0.20,-9.2,4.6,-42.5
2010,0.77,-1.26,0.10,1.6,0.6,-35.9
2040,0.57,-1.18,0.24,26.0,6.9,-19.2
2040,0.44,-0.87,0.11,21.1,7.9,-15.4
2071,0.37,-0.68,0.03,-13.5,5.9,-15.7
2071,0.32,-0.80,0.09,-18.4,3.7,-16.2
2101,0.29,-0.84,0.20,-5.1,1.6,-10.7
2147,0.30,-0.66,0.33,12.8,4.9,-5.6
2147,0.35,-0.31,0.28,18.4,7.2,-13.4
2160,0.41,-0.50,0.16,19.9,7.3,-28.1
2191,0.53,-1.09,0.06,25.3,2.3,-30.6
2192,0.68,-1.21,0.25,40.5,-1.0,-25.2
2221,0.74,-1.11,0.47,49.1,4.5,-27.9
2251,0.81,-1.46,0.33,15.2,12.5,-33.1
2252,0.85,-1.92,0.10,-33.3,12.0,-25.1
2280,0.80,-1.84,0.05,-30.8,10.4,-7.4
2341,0.76,-1.40,0.02,-0.1,7.1,1.9
2341,0.68,-1.33,0.12,2.1,6.0,2.9
2343,0.59,-1.40,0.09,-18.2,10.3,12.1
2371,0.57,-1.26,-0.14,-14.1,10.2,18.4
2371,0.53,-0.87,-0.10,-3.2,0.5,31.4
2400,0.49,-0.57,0.23,-4.0,2.6,28.7
2431,0.49,-0.59,0.14,-0.9,9.6,26.1
2459,0.53,-0.58,-0.18,-5.0,5.9,26.0
2460,0.51,-0.47,-0.10,-7.9,1.6,25.2
2491,0.51,-0.41,0.05,-1.7,-1.6,21.9
2491,0.59,-0.39,0.11,23.3,3.1,16.6
2521,0.60,-0.47,-0.01,19.3,5.0,11.0
2521,0.64,-0.52,-0.15,-3.9,-0.1,5.9
2550,0.66,-0.68,-0.04,1.8,-2.1,3.8
2580,0.65,-0.65,-0.10,44.2,-3.8,2.9
2582,0.57,-0.66,-0.18,87.3,-6.5,1.5
2611,0.42,-0.74,-0.33,68.3,-10.4,-2.1
2641,0.29,-0.63,-0.43,34.2,-12.6,-6.1
2670,0.12,-0.00,-0.24,27.9,-20.0,-29.2
2670,0.41,-0.24,-0.35,166.7,-21.4,-56.9
2701,-0.03,-1.28,-0.07,257.3,-27.3,-60.9
2701,-0.47,-1.62,-0.62,288.0,-18.3,-53.6
2731,-0.57,-1.27,-1.78,238.1,-40.2,-48.3
2761,-0.89,-1.42,-1.25,201.7,-62.5,-53.8
2761,-0.80,-2.36,-0.46,245.4,-58.3,-59.7
2790,-0.72,-3.34,-3.23,248.7,-101.7,-11.2
2820,-1.21,-1.24,-3.01,313.4,-150.6,6.7
2851,-2.20,-0.31,-1.01,630.4,-212.7,-44.1
2852,-2.22,-1.17,-1.05,770.8,-176.3,-89.1
2910,-2.10,-1.48,-3.79,894.0,-190.0,-114.1
2911,-2.87,-0.65,-4.00,915.7,-245.8,-155.6
2912,-3.82,-0.14,-3.24,564.9,-226.9,-227.9
2971,-4.00,2.24,-4.00,351.5,-258.8,-293.7
2971,-3.99,1.79,-2.65,326.2,-319.4,-416.6
3001,-4.00,2.44,-1.60,258.9,-297.1,-506.9
3001,-4.00,1.26,-2.31,409.1,-288.1,-590.6
3030,-4.00,-1.34,-0.34,202.1,-267.7,-653.2
3060,-4.00,-2.81,2.41,-63.5,-221.6,-702.0
3061,-4.00,-4.00,2.52,-63.4,-202.8,-671.0
3090,-4.00,-4.00,3.02,-33.2,-198.1,-464.4
3121,-1.97,-3.99,4.00,-6.3,-134.3,-246.7
3150,-0.83,-4.00,4.00,-41.5,-49.4,-118.1
3152,1.08,-4.00,2.32,-7.6,30.6,-69.4
3190,1.01,-4.00,-0.25,77.9,43.1,8.9
3211,0.99,-3.88,-0.93,81.4,31.7,33.2
3211,1.31,-2.40,-1.10,35.1,13.5,69.5
3241,1.09,0.47,0.10,5.7,-7.9,75.7
3271,0.69,0.08,0.55,102.8,10.5,31.6
3271,0.66,-1.17,-1.18,88.4,44.7,11.3
3301,0.79,-0.59,-2.73,0.2,-5.6,33.9
3331,0.73,0.12,-2.73,-13.7,-37.3,26.2
3331,0.07,0.42,-0.55,-7.4,-75.1,-13.5
3361,-0.35,-0.78,0.83,10.3,-74.6,-48.5
3361,-0.43,-1.63,1.14,-17.1,-40.7,-55.5
3391,-0.39,-2.54,0.48,-63.6,-9.9,-30.9
3451,-0.26,-2.31,-0.59,-19.3,-20.4,-4.5
3451,-0.29,-2.09,-0.21,32.7,-37.7,14.0
3452,-0.42,-1.61,0.93,16.2,-22.4,24.0
3480,-0.39,-1.08,1.17,-0.1,16.5,22.0
3510,-0.13,-0.98,0.19,22.6,40.2,21.9
3512,0.08,-0.79,-0.84,43.8,33.3,23.1
3541,0.16,-0.59,-1.18,22.5,12.2,19.2
3542,0.08,-0.28,-0.62,3.7,-2.1,11.8
3631,0.03,-0.20,0.02,8.3,5.4,-0.9
3660,0.08,-0.35,-0.21,9.9,17.4,-12.6
3661,0.15,-0.85,-0.84,11.2,15.7,-16.2
3664,0.17,-1.14,-0.86,-20.1,-9.2,-10.3
3664,0.08,-1.04,-0.41,-40.4,-17.6,-5.5
3690,-0.02,-0.91,-0.01,-28.7,-16.5,-7.4
3691,0.09,-1.14,0.11,-28.6,-7.9,-6.2
3721,0.13,-1.21,-0.02,-65.6,-1.0,-4.0
3751,0.19,-1.30,-0.29,-133.4,-1.3,-0.5
3751,0.13,-1.29,-0.39,-207.2,-7.6,-0.7
3781,0.06,-1.51,-0.08,-244.3,-14.9,2.0
3781,0.05,-1.78,0.61,-285.3,-5.9,11.0
3809,0.01,-1.94,0.79,-372.9,13.5,15.6
3840,-0.10,-2.52,0.62,-519.2,23.1,22.6
3901,-0.15,-2.52,0.97,-658.1,32.2,42.2
3902,-0.11,-1.54,1.52,-697.0,53.8,50.8
3903,-0.05,-0.74,1.75,-652.3,79.0,35.0
3903,0.08,-0.89,1.62,-611.1,97.7,22.8
3930,0.01,-0.07,1.63,-593.5,100.0,21.0
3960,-0.03,0.96,1.79,-568.7,103.6,5.1
3991,0.28,2.08,0.99,-495.5,100.0,-58.1
3991,0.90,0.29,0.16,-398.6,45.6,-83.4
4021,0.32,0.53,4.00,-218.7,41.7,-43.8
4021,0.32,1.35,3.54,-9.0,126.5,-34.8
4050,0.56,1.23,0.62,40.1,134.6,-56.6
4080,0.50,-0.21,-0.29,-207.4,79.5,-55.6
4111,0.22,1.07,1.40,-506.0,52.1,-56.0
4139,0.18,3.40,3.07,-466.9,76.3,-117.0
4140,-0.33,2.35,2.79,-311.8,121.9,-173.7
4170,-0.42,1.13,0.52,-213.1,121.9,-180.8
4170,-0.17,1.06,-0.57,-173.5,77.3,-174.1
4200,-0.05,1.07,0.62,-200.3,45.9,-186.6
4233,-0.17,0.95,1.02,-211.8,61.0,-191.9
4260,-0.06,1.62,-0.14,-41.9,57.7,-203.6
4260,-0.06,0.60,-0.80,15.7,43.9,-212.0
4319,-0.32,0.23,0.18,-114.9,7.8,-212.4
4320,-0.48,0.68,0.76,-148.1,12.8,-212.0
4321,-0.48,0.80,0.04,-119.1,26.4,-216.1
4351,-0.51,0.50,-0.44,-58.5,16.2,-221.8
4381,-0.56,0.37,-0.23,-13.0,-2.2,-221.7
4381,-0.59,-0.03,0.39,21.3,2.0,-219.1
4411,-0.50,-0.22,0.15,49.3,16.9,-208.6
4412,-0.46,-0.24,0.04,47.9,17.4,-206.6
4440,-0.58,-0.62,-0.03,31.0,17.0,-201.5
4471,-0.71,-0.72,0.03,18.1,17.7,-187.0
4471,-0.51,-0.65,0.04,12.6,16.7,-182.4
4529,-0.56,-0.71,0.28,-12.7,15.7,-178.2
4531,-0.62,-0.69,0.20,-36.1,20.9,-174.7
4560,-0.57,-1.06,-0.03,-61.0,15.8,-169.4
4560,-0.51,-1.22,0.03,-50.5,6.5,-160.1
4590,-0.52,-1.87,0.29,-12.4,3.7,-140.0
4621,-0.50,-1.78,0.14,24.2,6.3,-112.8
4621,-0.36,-1.73,0.16,5.7,-3.1,-97.9
4651,-0.24,-1.48,1.14,-53.5,7.1,-87.3
4710,-0.20,-1.03,1.26,-65.0,38.5,-91.2
4711,-0.20,-1.47,0.27,-55.2,48.4,-98.0
4711,0.01,-2.43,-0.13,-56.5,34.4,-80.9
4753,0.10,-2.29,0.22,-49.6,30.1,-51.1
4830,0.15,-1.60,0.28,-12.5,34.1,-42.5
4831,0.24,-2.06,-0.22,-21.5,33.9,-40.2
4834,0.23,-2.01,-0.39,-41.9,24.0,-25.8
4834,0.25,-1.65,-0.36,-16.0,8.9,-15.6
4861,0.26,-1.79,-0.19,-19.9,8.9,-10.0
4861,0.25,-1.53,-0.67,27.0,-9.0,4.0
4891,0.05,-1.30,-0.32,83.6,-24.3,8.4
4921,-0.18,-0.93,0.08,124.9,-19.3,3.5
4981,-0.35,-1.08,-0.37,154.5,-14.3,-4.3
4981,-0.48,-1.42,-0.80,116.3,-27.9,-5.6
4981,-0.34,-1.26,-0.67,134.8,-36.2,-7.8
4983,-0.06,-1.65,-0.83,219.9,-54.6,-6.6
5010,-1.03,-2.27,-0.51,320.9,-54.1,19.2
5069,-1.07,-1.38,-1.85,224.1,-74.2,29.5
5070,-1.26,-0.71,-2.01,174.4,-130.1,0.8
5071,-1.65,-1.76,-0.91,301.7,-159.7,2.7
5101,-1.56,-1.02,-1.03,590.1,-177.2,0.7
5101,-2.63,-0.88,-1.86,727.7,-193.2,-19.2
5131,-3.07,-0.42,-1.85,1285.1,-185.6,-111.9
5160,-2.70,-2.39,-4.00,1462.6,-146.1,-145.2
5161,-3.42,1.47,-4.00,1056.1,-133.7,-180.8
5190,-4.00,4.00,-3.94,402.0,-279.4,-390.3
5220,-4.00,1.91,-3.92,397.6,-274.2,-431.1
5221,-3.99,3.98,-3.99,361.5,-285.5,-557.1
5250,-4.00,4.00,-3.73,502.4,-294.9,-666.0
5280,-4.00,-0.28,0.95,425.2,-218.3,-857.7
5282,-4.00,-4.00,1.67,-115.3,-123.2,-934.8
5310,-4.00,-4.00,1.90,-88.7,-192.0,-769.7
5340,-4.00,-3.94,3.74,-15.9,-170.8,-421.3
5341,-3.51,-4.00,4.00,-46.4,-122.2,-247.1
5370,-1.04,-4.00,3.64,-87.8,24.8,9.3
5400,0.94,-4.00,0.73,-25.1,42.9,34.4
5431,1.39,-3.37,-0.24,80.5,8.9,91.2
5431,1.54,-0.96,0.58,23.9,30.2,55.5
5460,1.94,-0.61,-0.72,-12.8,37.4,10.7
5491,1.56,-1.09,-1.53,37.5,-3.2,0.7
5491,0.82,-1.33,0.11,31.6,-16.1,25.9
5520,0.72,0.39,-0.13,-25.8,-0.4,30.2
5581,0.70,-0.20,-1.28,-9.0,0.7,-13.1
5581,0.55,-1.54,-0.99,15.7,-46.1,-17.3
5583,0.38,-1.68,-0.09,13.1,-50.1,-6.2
5672,0.09,-1.23,1.01,9.9,-22.2,10.1
5672,0.20,-1.11,-0.16,10.6,8.2,11.3
5673,0.36,-1.11,-0.90,26.9,-13.0,16.3
5673,0.22,-1.22,-0.13,31.7,-25.1,23.2
5700,0.07,-0.80,0.17,13.4,-6.8,24.5
5701,0.24,-0.84,-0.68,-4.9,-10.1,15.1
5730,0.25,-1.04,-0.65,-4.2,-30.8,18.5
5760,0.13,-0.62,0.31,16.1,-20.8,19.8
5797,0.16,-0.40,0.23,9.0,-14.5,12.0
5797,0.20,-0.89,-0.08,-7.8,-12.3,-4.3
5821,0.15,-1.12,0.22,-14.2,-11.2,-3.7
5821,0.13,-1.11,0.27,10.2,-1.5,1.9
5850,0.11,-1.14,0.07,23.8,5.6,5.6
5880,0.07,-1.04,0.05,8.9,8.2,8.1
5880,0.03,-0.68,0.17,5.0,15.9,6.0
5910,0.10,-0.57,-0.12,19.2,26.2,-2.2
5940,0.16,-0.85,-0.65,22.5,20.3,-6.6
5971,0.14,-1.05,-0.57,8.2,8.5,-2.0
5971,0.14,-0.83,-0.17,-6.4,8.7,1.2
6001,0.15,-0.49,-0.12,6.7,15.9,-7.6
6001,0.21,-0.96,-0.53,14.5,16.7,-12.9
6030,0.30,-1.17,-0.72,-8.5,4.4,-4.6
6061,0.28,-0.97,-0.53,-16.2,-5.3,1.4
6061,0.26,-0.74,-0.30,3.8,-4.8,-4.5
6090,0.28,-1.14,-0.29,-0.2,-4.3,-4.6
6121,0.29,-1.20,-0.25,-23.1,-5.4,2.6
6121,0.32,-0.93,-0.18,-25.7,-4.0,4.6
6150,0.35,-0.89,-0.25,-20.8,-2.4,0.4
6180,0.31,-1.24,-0.31,-35.5,-5.7,2.3
6210,0.27,-1.30,-0.08,-88.3,-5.3,13.0
6211,0.28,-0.77,0.07,-137.7,2.9,10.4
6240,0.32,-0.81,-0.20,-156.4,6.7,-3.1
6241,0.29,-1.52,-0.27,-164.4,3.9,-7.0
6270,0.19,-2.23,0.11,-234.7,-1.2,9.0
6316,0.04,-2.28,0.37,-340.5,3.7,28.6
6328,-0.08,-1.86,0.50,-408.7,7.8,34.8
6329,-0.07,-1.37,0.72,-535.0,13.1,35.8
6360,-0.11,-1.43,1.52,-617.1,20.2,28.6
6388,-0.21,-1.59,1.93,-721.7,66.9,31.4
6390,-0.07,-0.97,1.83,-778.3,98.4,28.3
6419,-0.07,-0.35,1.53,-788.6,125.5,8.5
6450,0.12,0.24,-0.01,-833.1,122.5,-22.3
6451,0.40,-0.11,-1.51,-935.5,60.7,-51.0
6480,0.67,-0.03,-0.09,-961.1,-2.1,-35.6
6510,0.86,2.55,2.98,-707.2,33.4,-41.7
6510,0.09,0.64,-0.06,-130.1,92.5,-76.5
6571,0.31,-0.37,-1.97,3.9,25.8,-22.0
6571,0.70,1.47,-0.43,9.8,-3.4,-6.4
6600,0.52,3.10,1.17,-157.7,5.3,-67.3
6600,0.54,2.66,0.43,-183.5,27.2,-125.9
6631,0.87,1.31,-1.00,-18.7,-3.6,-134.8
6631,1.02,0.40,-0.32,51.1,-27.6,-119.9
6660,0.84,2.24,1.07,7.7,-42.9,-97.8
6721,0.57,2.63,0.99,-57.9,-14.7,-138.9
6723,0.43,0.89,-0.20,-46.0,5.8,-179.5
6723,0.46,0.30,-0.55,-19.6,-10.6,-166.1
6750,0.57,1.16,0.50,-24.2,-30.3,-142.9
6752,0.52,1.64,0.90,-38.8,-17.2,-156.4
6781,0.40,0.72,0.24,-59.0,2.3,-186.5
6810,0.35,-0.18,0.24,-77.1,-7.1,-180.4
6811,0.27,0.06,0.19,-62.6,-8.5,-169.1
6840,0.20,0.39,0.15,-3.2,-10.8,-158.0
6871,0.02,0.55,0.42,15.0,-10.7,-165.4
6871,0.02,0.28,0.66,-31.0,-3.2,-174.7
6900,0.04,0.13,0.59,-62.5,8.5,-177.1
6930,0.05,-0.11,0.03,-53.1,9.0,-171.0
6961,0.01,-0.02,0.04,-32.2,-0.1,-164.0
6961,-0.05,0.21,0.47,-3.5,-1.3,-167.2
6991,0.01,0.03,0.46,30.4,7.1,-171.4
6991,0.06,-0.27,0.24,36.2,12.4,-166.6
7048,-0.13,0.08,0.25,26.7,11.3,-163.8
7050,-0.20,-0.13,0.45,45.2,14.2,-171.4
7051,-0.16,-0.49,0.44,69.9,25.6,-173.0
7080,-0.09,-1.02,0.11,50.4,34.6,-158.9
7110,-0.12,-0.90,-0.32,-3.1,30.2,-145.4
7110,-0.14,-0.67,-0.32,-56.4,15.0,-142.8
7140,-0.10,-0.83,0.16,-83.3,9.6,-141.4
7170,-0.01,-1.00,0.25,-63.4,13.1,-134.4
7199,-0.02,-1.13,-0.04,0.2,9.3,-123.8
7200,-0.01,-1.23,-0.08,60.1,0.8,-110.8
7231,-0.00,-1.28,0.02,80.7,-2.4,-101.0
7231,0.05,-1.44,0.21,58.0,-0.4,-91.4
7260,0.04,-1.53,0.33,25.0,3.2,-80.1
7291,-0.00,-1.43,0.42,13.4,9.6,-66.8
7291,0.06,-1.32,0.30,18.1,15.9,-59.5
7320,0.05,-1.46,0.10,2.3,18.1,-50.8
7362,0.13,-1.20,-0.07,-35.6,17.6,-40.7
7379,0.18,-1.08,-0.02,-41.1,13.3,-40.2
7380,0.16,-1.42,0.01,-24.9,13.5,-35.8
7410,0.25,-1.51,-0.11,-29.9,12.0,-25.8
7441,0.38,-1.25,-0.14,-12.8,6.0,-23.9
7441,0.40,-1.49,-0.07,5.1,4.6,-25.0
7499,0.41,-1.95,-0.16,18.9,3.2,-12.0
7500,0.49,-1.72,-0.23,4.5,0.7,-4.0
7531,0.50,-1.32,-0.25,-6.0,-7.6,-0.4
7531,0.42,-1.61,-0.19,20.7,-13.6,2.3
7560,0.39,-1.92,0.01,-9.8,-13.5,16.5
7591,0.43,-1.23,-0.11,-13.5,-13.0,22.6
7591,0.35,-1.35,-0.25,58.4,-22.5,22.5
7620,0.27,-1.38,-0.08,58.6,-28.7,30.1
7650,0.17,-0.85,0.27,19.4,-26.4,30.1
7679,0.16,-0.81,0.11,72.1,-18.0,22.5
7680,0.08,-1.12,-0.11,117.4,-21.8,28.2
7710,0.05,-0.97,-0.07,63.8,-21.3,26.7
7741,0.09,-1.06,-0.23,7.9,-21.7,17.3
7741,-0.18,-1.62,-0.43,74.5,-26.9,27.0
7770,-0.50,-1.55,-0.69,165.2,-35.1,54.9
7771,-0.56,-0.48,-0.90,180.1,-42.2,57.8
7800,-0.61,-0.38,-0.67,124.2,-60.5,33.4
7831,-0.95,-0.90,-1.12,115.6,-69.6,12.4
7859,-1.44,-0.96,-2.08,273.6,-99.5,18.6
7860,-1.97,-0.75,-1.45,588.6,-183.4,-10.7
7890,-2.17,-1.55,-0.85,869.4,-175.8,-54.7
7890,-1.96,-1.84,-3.76,1125.5,-170.7,-65.1
7920,-2.30,-0.57,-4.00,1465.8,-223.6,-168.9
7951,-4.00,-1.03,-2.98,1263.9,-194.3,-230.8
7951,-4.00,1.73,-3.45,469.5,-78.6,-287.8
7980,-3.96,3.90,-4.00,546.1,-116.1,-345.7
8010,-4.00,2.55,-3.11,933.2,-134.6,-545.3
8041,-4.00,2.12,-1.15,505.9,-2.7,-616.6
8042,-4.00,4.00,-1.11,-219.0,3.9,-686.7
8070,-4.00,-0.05,2.03,119.7,8.5,-1109.3
8071,-4.00,-3.69,0.79,95.3,90.1,-1029.1
8100,-4.00,-4.00,-4.00,-162.3,4.6,-571.9
8130,-4.00,-3.88,-2.65,-231.9,-243.3,-225.7
8130,-3.22,-3.98,4.00,-125.5,-177.3,-51.2
8160,-0.96,-4.00,4.00,-35.8,77.6,-8.5
8190,0.92,-4.00,-1.50,42.4,103.6,44.9
8221,1.86,-3.94,-3.97,43.6,-54.4,112.2
8221,1.52,-2.10,0.46,-44.2,-75.0,135.0
8250,1.04,1.39,2.85,-57.8,-12.6,90.6
8251,0.93,0.88,2.92,56.2,51.1,37.4
8311,1.48,0.43,-0.96,26.8,116.2,47.3
8311,1.43,1.42,-2.55,-53.0,86.4,16.5
8312,1.00,0.33,-2.98,-16.1,1.6,-33.8
8341,0.59,-1.61,-0.35,-4.2,-27.2,-21.7
8341,0.19,-1.99,1.77,5.7,-10.4,-6.8
8370,0.03,-1.95,1.50,9.3,50.3,14.8
8405,0.27,-1.78,-1.86,0.8,59.9,29.4
8431,0.38,-1.48,-2.16,10.3,13.3,51.8
8431,0.34,-0.03,-0.44,32.5,-21.0,56.0
8461,0.27,0.13,0.40,35.7,-17.3,38.3
8461,0.31,0.08,0.44,9.1,5.7,22.3
8490,0.54,0.06,-0.25,7.1,23.4,10.7
8521,0.73,-0.22,-1.59,8.3,9.0,2.8
8521,0.61,-0.54,-1.84,6.3,-35.0,0.7
8550,0.11,-0.49,-0.34,-7.8,-51.4,-2.0
8581,0.06,-0.33,0.62,-14.3,-41.1,-9.4
8610,0.38,-1.14,-0.02,-6.1,-9.7,-32.5
8610,0.19,-2.01,-0.28,2.8,-14.2,-15.2
8640,0.03,-1.70,0.10,3.1,-5.6,8.7
8671,0.17,-0.80,-0.08,4.6,5.9,6.5
8671,0.13,-0.85,-0.21,4.2,13.1,-5.1
8700,0.14,-1.15,-0.54,4.2,16.2,-5.3
8700,0.24,-1.42,-0.74,18.9,6.8,1.5
8730,0.24,-1.47,-0.44,13.3,3.7,14.3
8760,0.25,-1.07,-0.35,4.6,7.5,23.1
8760,0.24,-0.61,-0.52,5.6,9.1,23.4
8790,0.27,-0.41,-0.83,15.2,9.1,18.6
8821,0.26,-0.47,-0.91,14.0,0.6,10.1
8821,0.23,-0.60,-0.73,-4.9,-13.1,1.2
8850,0.24,-0.77,-0.44,-13.1,-16.3,-0.7
8880,0.10,-0.73,-0.21,-6.5,-13.4,-1.2
8924,0.06,-0.85,-0.22,1.8,-8.9,-3.9
8924,0.09,-0.99,-0.36,-18.3,-7.6,-1.8
8941,0.05,-0.96,-0.44,-42.7,-10.9,-0.5
8941,0.03,-0.98,-0.24,-67.3,-11.9,0.9
8970,0.08,-0.65,-0.12,-171.9,-3.2,-6.7
9000,0.10,-0.86,-0.41,-182.6,-2.2,-14.8
9031,-0.06,-1.62,-0.27,-183.4,-13.5,-20.7
9031,-0.09,-2.05,0.22,-197.8,-12.7,-8.9
9060,-0.23,-2.22,0.42,-220.8,-5.7,7.7
9090,-0.38,-1.79,0.51,-287.9,-2.7,9.2
9091,-0.40,-3.03,1.46,-355.0,-4.8,2.4
9120,-0.37,-3.42,2.51,-411.4,19.7,37.4
9151,-0.32,-2.02,1.59,-468.1,80.0,83.6
9178,0.08,-0.80,-0.05,-646.2,111.6,68.1
9183,0.58,0.26,-0.37,-704.7,105.2,47.7
9210,0.73,-0.19,0.04,-754.3,76.7,-21.4
9241,0.42,-0.10,1.34,-666.2,76.0,-29.0
9241,0.43,-0.01,1.30,-556.0,94.5,-41.0
9270,1.01,0.01,0.31,-417.4,85.3,-34.7
9271,1.23,1.11,-0.02,-329.1,74.9,-38.9
9300,0.96,-0.30,-0.54,-200.5,32.9,-58.8
9330,0.85,0.12,0.21,-299.0,8.9,-45.2
9361,0.90,2.18,2.15,-556.4,8.9,-87.1
9389,1.09,1.57,1.78,-518.9,23.0,-115.5
9390,0.92,0.09,2.02,-210.9,29.3,-108.8
9420,1.02,0.55,1.25,-135.6,38.9,-85.1
9421,1.12,1.57,0.65,-166.2,39.6,-90.6
9450,1.09,1.40,0.73,-252.9,15.7,-138.1
9450,0.96,0.63,1.63,-238.8,13.7,-141.2
9480,0.91,0.71,1.74,-194.3,34.2,-133.5
9511,0.79,1.04,0.98,-184.4,49.8,-141.1
9541,0.71,0.84,0.04,-242.0,30.5,-155.7
9541,0.44,0.64,0.55,-292.2,5.4,-157.3
9571,0.31,0.75,0.79,-245.7,0.4,-154.0
9571,0.15,0.86,0.67,-167.0,4.9,-157.2
9600,0.08,0.29,0.01,-114.3,0.1,-164.2
9661,0.08,-0.02,-0.00,-95.8,-18.7,-154.7
9661,0.01,0.21,0.22,-82.5,-23.1,-150.5
9662,-0.07,0.21,0.17,-9.6,-26.2,-147.6
9690,-0.06,0.17,0.01,16.1,-28.1,-149.5
9692,-0.11,-0.11,0.04,12.6,-33.1,-151.4
9720,-0.22,-0.32,0.18,0.1,-33.0,-149.5
9751,-0.20,-0.18,0.04,-8.2,-31.6,-143.6
9811,-0.19,-0.18,0.03,9.8,-35.4,-141.6
9813,-0.18,-0.13,0.22,6.7,-35.5,-142.0
9813,-0.14,-0.41,0.14,1.3,-31.7,-146.4
9840,-0.16,-0.63,0.06,12.7,-31.7,-142.0
9870,-0.11,-0.62,0.19,65.6,-30.5,-129.8
9870,0.05,-0.90,0.28,57.1,-22.9,-122.7
9900,0.23,-0.95,0.30,5.9,-15.9,-113.9
9931,0.33,-0.82,0.27,-9.3,-11.6,-109.8
9963,0.30,-1.02,0.19,29.5,-9.9,-103.8
9963,0.34,-1.35,0.24,42.8,-8.7,-90.0
9988,0.49,-1.31,0.29,16.7,-4.2,-77.5
9989,0.58,-1.16,0.27,-10.4,-4.4,-72.3
10021,0.49,-1.27,0.33,-5.6,-3.8,-64.5
10021,0.46,-1.28,0.29,8.7,-4.3,-53.0
10050,0.48,-1.04,0.31,12.5,-5.4,-47.1
10081,0.42,-0.92,0.26,20.7,-6.2,-47.9
10109,0.34,-1.10,0.27,18.8,-8.6,-45.0
10111,0.28,-0.95,0.48,-2.6,-7.0,-40.6
10141,0.27,-0.90,0.42,-11.4,-0.2,-41.3
10141,0.28,-0.97,0.06,4.8,-1.5,-40.7
10170,0.33,-1.22,0.09,2.9,-9.9,-35.0
10201,0.34,-1.22,0.47,-9.0,-10.1,-30.8
10201,0.35,-0.97,0.37,-16.6,-1.8,-23.5
10230,0.37,-0.86,0.06,2.6,1.3,-20.8
10260,0.40,-0.99,0.08,1.9,-4.6,-21.9
10291,0.45,-1.08,0.28,-17.6,-8.3,-20.3
10291,0.50,-1.06,0.27,-16.2,-5.2,-12.8
10320,0.54,-0.88,0.25,-12.7,-6.8,-13.5
10351,0.56,-0.97,0.30,-15.7,-4.9,-18.4
10351,0.62,-1.18,0.03,-9.0,-4.4,-19.5
10381,0.59,-1.57,-0.11,12.1,-18.4,-10.3
10382,0.60,-1.21,0.43,-4.7,-22.7,-4.9
10411,0.66,-0.93,0.67,5.5,-17.4,-5.5
10440,0.58,-1.42,0.22,45.7,-7.4,-10.0
10486,0.49,-1.61,0.23,30.5,-13.4,-0.5
10498,0.48,-1.26,0.70,-45.7,-10.9,9.1
10500,0.46,-1.10,0.54,10.4,-0.4,13.3
10531,0.34,-1.16,0.15,77.5,-6.8,22.5
10531,0.24,-0.70,0.52,29.1,-9.0,21.8
10560,0.23,-0.67,0.48,-0.9,-1.6,7.2
10591,0.06,-1.13,0.10,86.6,-0.5,6.4
10621,-0.10,-1.12,-0.60,206.2,-22.0,26.4
10673,-0.07,-0.70,-0.38,138.9,-41.4,13.3
10673,-0.24,-0.85,0.35,155.3,-47.0,-0.1
10680,-0.51,-1.52,0.39,287.0,-34.3,15.0
10681,-0.63,-1.05,-0.59,354.2,-43.6,23.5
10710,-0.62,-1.07,-0.79,298.5,-69.0,-6.9
10740,-0.78,-2.54,-0.96,282.7,-89.0,-10.3
10741,-1.19,-2.79,-1.39,493.6,-127.5,28.1
10770,-2.20,-1.16,-1.78,851.5,-182.5,32.3
10800,-1.89,0.58,-2.94,1289.7,-192.3,-39.2
10830,-1.97,0.01,-3.95,1629.4,-172.4,-150.7
10832,-3.85,0.29,-4.00,1189.2,-134.3,-233.9
10860,-4.00,2.48,-3.77,520.8,-139.2,-316.8
10860,-4.00,4.00,-3.15,533.0,-129.3,-439.4
10919,-3.98,2.90,-3.11,698.4,-85.8,-543.5
10921,-4.00,0.25,-1.85,191.0,-28.2,-592.9
10921,-4.00,2.72,-3.17,-269.2,-93.7,-652.2
10950,-4.00,2.36,-1.88,-194.9,-266.6,-787.1
10981,-4.00,-3.61,3.84,19.1,-236.5,-805.1
10981,-4.00,-4.00,3.82,-72.0,-110.8,-589.9
11010,-3.47,-3.92,3.98,-265.0,-116.6,-351.6
11041,-2.34,-3.98,3.94,-85.3,-59.1,-249.6
11041,-0.14,-4.00,1.99,61.8,-13.1,-76.8
11070,0.42,-4.00,0.42,61.8,-49.7,107.0
11100,0.41,-3.01,2.58,-4.5,-30.0,156.7
11102,1.10,-0.47,2.65,41.0,59.1,83.0
11131,1.56,-0.91,-0.68,86.3,69.8,57.1
11191,1.37,-0.75,-2.06,85.0,8.5,73.5
11191,1.05,0.54,-0.55,37.8,-15.4,61.5
11193,0.93,1.24,0.64,-32.0,-2.3,19.1
11220,0.70,1.11,0.64,-8.7,17.4,-24.9
11281,0.41,-0.13,0.23,56.6,30.3,-47.5
11283,0.25,-2.11,-1.12,24.6,33.9,-37.4
11283,0.26,-1.62,-1.19,-31.1,4.8,-6.0
11310,0.13,-0.94,0.21,-5.6,-23.1,7.0
11341,-0.02,-1.38,0.94,55.9,10.4,-1.5
11341,-0.01,-2.06,-0.20,19.0,29.5,14.9
11371,0.24,-1.72,-1.59,-6.6,3.5,38.9
11400,0.34,-0.78,-1.16,2.4,-32.0,46.6
11401,0.14,-0.16,0.39,17.9,-30.2,31.6
11429,0.11,-0.41,0.16,15.9,-10.0,15.7
11461,0.24,-0.51,-0.42,3.4,-0.2,9.6
11461,0.35,-0.47,-0.83,-6.1,-14.4,0.4
11490,0.26,-0.74,-0.52,0.1,-30.1,-5.1
11534,0.05,-0.91,0.40,-3.5,-27.5,-6.2
11534,-0.04,-1.12,0.87,-4.5,-16.8,-7.3
11551,0.10,-1.44,0.31,-5.2,8.5,-5.1
11610,0.15,-1.45,-0.04,4.8,13.9,5.3
11611,0.14,-1.35,-0.25,15.7,5.9,15.8
11639,0.11,-0.90,0.09,4.9,5.8,20.0
11640,0.12,-0.36,0.31,6.4,17.0,9.9
11641,0.15,-0.38,-0.03,22.9,28.2,-4.9
11670,0.25,-0.89,-0.55,14.0,23.8,-7.8
11671,0.31,-0.92,-0.56,-11.4,13.9,-3.4
11701,0.32,-0.55,-0.36,-5.5,11.5,-8.9
11731,0.32,-0.78,-0.33,8.7,11.8,-16.2
11762,0.27,-1.07,-0.35,-3.7,9.3,-15.0
11762,0.20,-1.10,-0.25,-9.5,8.9,-12.5
11791,0.22,-1.20,-0.33,-8.2,9.6,-10.6
11791,0.29,-1.30,-0.44,-8.0,7.6,-7.9
11821,0.30,-1.23,-0.26,-8.3,1.5,-1.4
11850,0.25,-1.16,-0.09,-14.0,1.5,2.2
11881,0.22,-1.14,-0.17,-12.2,5.5,5.7
11881,0.30,-1.20,-0.30,-16.4,5.9,7.4
11911,0.39,-1.21,-0.46,-80.4,3.3,10.9
11941,0.38,-1.34,-0.53,-115.1,0.9,11.5
11942,0.31,-1.46,-0.52,-208.6,-3.5,14.3
11971,0.29,-1.52,-0.49,-309.0,-8.7,18.4
11999,0.18,-1.67,-0.14,-382.9,-16.6,25.9
12000,0.18,-1.72,0.16,-489.7,-17.5,35.8
12030,0.19,-1.57,0.46,-636.0,-10.1,44.4
12061,0.09,-0.16,0.69,-680.8,-16.7,42.4
12061,-0.13,0.53,1.80,-607.0,-14.5,35.4
12090,-0.18,-0.06,1.67,-381.6,23.3,15.6
12120,-0.16,-0.14,0.64,-301.1,20.1,20.7
12121,-0.17,0.60,0.95,-167.9,-1.3,13.9
12150,-0.06,0.57,2.54,-27.3,17.0,-2.7
12181,0.03,-0.11,3.08,-20.7,67.3,-11.4
12181,0.08,-0.39,2.10,-83.0,107.1,-10.4
12210,0.41,-0.07,0.48,-87.9,103.3,-9.5
12241,0.70,0.14,0.18,-32.5,66.5,-10.9
12241,0.68,-0.03,1.37,-25.6,65.5,-10.4
12270,0.84,-0.14,1.22,-111.5,88.0,-14.6
12300,1.43,-0.05,-0.30,-279.6,81.8,-13.9
12330,1.54,0.53,-0.23,-408.7,46.1,-28.4
12330,1.10,0.90,1.41,-375.5,34.5,-55.0
12391,1.00,0.81,1.47,-243.8,52.3,-67.0
12391,1.05,0.80,0.99,-102.2,56.8,-71.6
12392,1.03,0.75,1.02,-56.5,46.3,-72.2
12421,0.89,1.56,1.92,-75.3,42.7,-75.6
12421,0.56,1.58,2.96,-50.4,72.3,-114.9
12450,0.55,0.81,2.98,26.2,115.9,-120.1
12481,0.31,0.54,2.38,47.3,149.4,-118.2
12481,-0.08,0.54,1.73,-36.5,168.5,-126.9
12510,-0.56,0.31,1.38,-173.5,177.6,-145.6
12540,-0.67,0.36,1.16,-312.7,182.3,-166.9
12576,-0.56,0.66,0.27,-378.9,160.6,-197.4
12576,-0.55,0.43,0.30,-330.2,125.1,-224.7
12600,-0.45,-0.66,0.25,-238.1,99.3,-230.0
12600,-0.35,-0.93,0.41,-135.1,77.2,-210.0
12630,-0.32,-0.37,0.95,-56.2,82.2,-189.8
12660,-0.39,-0.02,0.49,-8.4,94.2,-196.5
12691,-0.36,-0.70,0.00,-1.1,92.2,-192.7
12691,-0.16,-1.04,-0.14,-14.6,83.9,-176.4
12721,-0.06,-1.17,0.07,-77.1,78.9,-161.9
12749,-0.23,-0.71,0.26,-120.7,74.6,-157.0
12750,-0.33,-0.71,0.18,-99.4,73.7,-155.4
12780,-0.22,-0.87,-0.08,-80.3,66.2,-146.8
12811,-0.29,-0.77,0.00,-71.2,57.7,-140.4
12811,-0.33,-1.01,-0.08,-61.3,52.7,-131.1
12840,-0.32,-0.78,-0.07,-25.3,45.8,-116.1
12870,-0.28,-0.66,0.00,12.4,43.9,-114.0
12871,-0.17,-1.40,-0.07,-40.3,42.0,-96.7
12900,-0.22,-1.18,-0.09,-75.0,37.5,-83.6
12930,-0.29,-1.05,0.06,-74.6,36.0,-81.6
12961,-0.13,-1.47,0.16,-55.7,36.1,-72.4
12961,-0.05,-1.75,0.22,-61.5,37.7,-64.5
12991,-0.03,-1.43,-0.01,-72.3,41.3,-42.0
12991,-0.06,-1.19,-0.18,-60.2,38.0,-39.7
13020,-0.07,-1.25,-0.12,-44.4,31.4,-37.9
13101,-0.01,-1.27,0.04,-42.7,31.0,-35.2
13101,0.20,-1.16,-0.04,-23.6,29.5,-34.9
13101,0.29,-1.37,-0.06,-4.4,25.2,-36.9
13110,0.34,-1.66,0.01,8.5,23.4,-30.4
13110,0.43,-1.77,-0.10,1.2,23.1,-22.5
13140,0.53,-1.84,-0.37,-16.7,15.5,-15.5
13170,0.46,-1.78,-0.24,-18.8,3.8,-3.4
13171,0.46,-1.61,-0.13,-25.1,-1.3,5.0
13200,0.51,-1.16,-0.18,-12.6,-4.9,4.1
13231,0.43,-1.39,-0.09,48.7,-14.3,6.3
13231,0.43,-1.42,0.13,38.5,-14.4,10.0
13260,0.48,-1.14,0.14,-23.8,-10.7,12.4
13292,0.46,-1.18,-0.04,-4.3,-11.0,14.8
13351,0.30,-1.15,0.03,54.5,-18.9,25.5
13353,0.29,-1.04,0.23,43.3,-20.7,28.7
13353,0.20,-0.91,0.24,-25.1,-8.8,18.9
13381,0.05,-1.07,-0.15,27.9,-6.0,15.9
13381,-0.30,-1.01,-0.85,169.0,-26.6,25.8
13441,-0.51,-0.31,-0.57,228.5,-44.5,13.8
13441,-0.70,-0.25,-0.48,232.2,-44.0,-25.9
13442,-1.02,-1.38,-1.41,277.7,-55.7,-42.2
13470,-1.32,-2.36,-2.22,367.4,-89.9,-25.8
13500,-1.54,-2.68,-2.41,389.4,-139.7,-3.8
13530,-1.83,-3.03,-1.25,255.4,-167.5,6.2
13531,-2.15,-2.82,-2.04,235.7,-187.5,24.5
13561,-2.39,-2.47,-3.41,384.7,-262.5,31.2
13561,-3.30,-2.22,-3.66,594.0,-354.1,1.2
13591,-4.00,-2.01,-2.65,852.4,-425.3,-63.7
13623,-4.00,-1.59,-1.50,1157.8,-398.1,-161.9
13623,-3.98,-0.50,-3.23,1283.6,-350.0,-229.5
13652,-4.00,-0.65,-4.00,1049.9,-194.1,-423.5
13681,-4.00,0.68,-4.00,679.4,-160.2,-459.8
13710,-4.00,4.00,-3.80,-128.4,-338.0,-619.9
13710,-4.00,2.80,0.74,206.7,-402.4,-821.0
13740,-4.00,-3.90,4.00,235.9,-207.0,-859.9
13742,-4.00,-4.00,2.56,-67.2,-41.0,-471.4
13771,-3.10,-3.89,0.83,-163.5,-102.3,-136.8
13801,-0.50,-3.98,1.73,-93.7,-115.5,-53.8
13801,0.45,-4.00,2.25,-72.9,-100.2,-42.6
13831,0.15,-4.00,3.59,134.9,-54.6,62.5
13861,0.52,-3.38,3.53,-14.0,69.0,99.5
13892,1.60,-0.90,-0.95,-86.9,96.9,75.1
13920,2.13,-0.33,-3.39,52.2,-14.2,58.5
13920,1.07,-0.17,-0.04,71.5,-52.1,57.7
13921,0.41,1.09,1.89,34.0,-23.7,49.3
13950,0.37,1.17,0.88,-21.4,30.1,0.1
13981,0.38,-0.49,-0.65,-21.1,48.6,-49.7
13981,0.54,-1.76,-2.13,-22.3,36.0,-46.5
14009,0.46,-2.36,-1.47,-9.0,-45.2,-0.3
14041,0.10,-1.55,0.96,-16.5,-54.4,16.0
14070,0.09,-0.54,1.96,6.3,8.2,21.4
14071,0.25,-0.37,0.55,21.9,32.4,14.8
14101,0.43,-0.97,-1.40,24.7,33.3,3.5
14101,0.64,-1.27,-2.07,-2.4,-18.6,20.9
14147,0.50,-0.50,-0.44,17.2,-46.4,32.4
14161,0.38,0.31,0.97,16.5,-17.0,17.0
14161,0.44,0.29,0.30,23.0,11.1,-12.6
14191,0.55,-0.77,-0.98,16.5,5.7,-19.8
14251,0.61,-1.33,-1.15,-2.8,-23.7,-6.6
14252,0.30,-1.19,-0.20,19.3,-45.5,8.7
14253,0.11,-0.80,0.33,1.3,-34.7,4.8
14281,0.17,-0.79,0.35,-4.9,-18.6,-10.9
14311,0.39,-1.51,-0.28,-11.0,-10.7,-11.0
14341,0.41,-1.78,-0.64,-11.2,-23.7,5.4
14341,0.20,-1.33,-0.03,-5.6,-30.0,17.0
14370,0.17,-0.76,0.59,6.9,-12.3,11.1
14400,0.17,-0.91,0.15,12.9,7.9,0.5
14401,0.14,-1.08,-0.13,12.0,14.5,-2.3
14430,0.18,-1.22,-0.32,13.4,8.1,5.0
14491,0.22,-0.90,-0.01,9.5,9.0,12.5
14491,0.22,-0.55,-0.07,8.6,13.4,9.7
14492,0.21,-0.56,-0.18,23.9,18.0,0.7
14521,0.21,-0.88,-0.34,26.1,18.7,-3.1
14521,0.29,-1.12,-0.58,7.4,16.7,0.9
14550,0.36,-1.07,-0.87,-2.5,5.1,7.2
14580,0.35,-0.62,-0.42,-3.1,-8.5,9.1
14611,0.31,-0.51,-0.17,-3.4,-8.7,1.8
14611,0.31,-0.80,-0.33,-5.6,-0.3,-7.0
14641,0.32,-0.95,-0.51,-12.6,-2.0,-7.1
14669,0.30,-1.07,-0.57,-28.6,-12.1,-2.1
14670,0.26,-0.90,-0.04,-49.0,-16.1,0.4
14700,0.25,-0.83,0.04,-75.1,-9.8,-1.5
14701,0.18,-0.86,-0.12,-111.0,-4.9,-7.6
14730,0.08,-1.34,-0.31,-183.9,-8.4,-8.2
14761,0.03,-1.67,-0.25,-329.8,-10.7,-1.1
14789,-0.14,-1.61,-0.28,-517.9,-15.9,-0.2
14791,-0.46,-1.85,0.02,-685.3,-25.5,5.1
14821,-0.69,-1.67,0.63,-770.8,-19.0,31.7
14821,-0.64,-0.37,0.09,-804.6,-4.9,51.0
14850,-0.51,1.26,-1.24,-701.2,-47.1,30.5
14880,-0.45,0.37,-0.10,-574.0,-83.1,26.8
14880,-0.31,0.26,1.37,-543.3,-58.4,46.2
14910,0.06,1.05,0.87,-476.2,-22.4,42.0
14970,0.46,1.40,-0.51,-295.2,-29.0,25.6
15000,1.07,1.65,-0.79,14.0,-75.1,9.3
15000,1.28,1.76,1.84,313.7,-116.1,-31.5
15002,0.69,-1.10,4.00,339.5,-82.2,-48.6
15002,0.53,-1.20,3.65,-222.8,50.2,1.8
15030,1.14,2.52,2.67,-473.1,58.0,-40.2
15061,1.03,1.60,2.69,-394.7,58.8,-81.6
15061,0.86,1.40,3.40,-275.1,77.8,-76.7
15090,0.66,2.08,2.77,-244.6,117.7,-91.2
15121,0.69,2.50,1.60,-255.1,117.8,-108.5
15121,0.58,2.12,0.47,-222.2,78.1,-148.6
15150,0.51,1.56,0.87,-157.1,52.5,-164.2
15186,0.39,1.12,1.32,-154.1,58.1,-164.2
15186,0.16,1.49,1.26,-183.7,63.5,-171.3
15210,0.01,1.31,1.12,-184.0,70.2,-196.2
15241,-0.08,0.68,0.92,-182.6,71.5,-198.4
15241,-0.09,0.59,0.69,-190.4,68.0,-194.1
15270,-0.11,0.74,0.44,-175.4,56.9,-200.1
15300,-0.05,0.22,0.32,-150.9,44.4,-199.6
15300,0.03,0.05,0.20,-141.8,38.5,-193.2
15330,0.02,0.32,0.33,-106.4,20.6,-182.2
15360,-0.07,0.24,0.52,-95.3,18.9,-182.7
15391,-0.16,0.07,0.33,-105.6,20.1,-179.1
15391,-0.18,0.12,0.20,-119.7,16.8,-177.5
15420,-0.14,0.15,0.31,-116.6,7.1,-176.9
15421,-0.12,0.07,0.26,-93.8,5.8,-176.1
15451,-0.14,0.01,0.13,-37.0,2.6,-173.6
15481,-0.14,0.02,0.10,16.8,-0.1,-172.5
15481,-0.18,-0.09,0.10,57.5,1.4,-174.5
15541,-0.19,-0.43,0.00,66.3,5.7,-171.8
15541,-0.12,-0.65,-0.18,43.8,4.3,-164.1
15542,-0.09,-0.63,-0.07,22.8,-0.9,-156.5
15570,-0.11,-0.74,0.17,17.3,0.9,-150.1
15571,-0.07,-0.78,0.22,18.3,6.8,-139.9
15600,0.01,-0.63,0.06,27.6,9.6,-135.6
15630,0.02,-0.86,0.01,30.4,8.4,-134.9
15660,0.07,-1.11,0.27,20.7,10.1,-122.4
15660,0.19,-1.02,0.24,23.0,14.3,-116.6
15710,0.26,-1.08,-0.03,36.9,18.0,-106.8
15710,0.30,-1.30,-0.03,30.5,15.7,-103.5
15720,0.31,-1.43,0.11,5.6,13.5,-93.6
15750,0.31,-1.38,0.15,-6.1,14.6,-80.1
15750,0.28,-1.21,0.18,-1.3,16.5,-71.1
15780,0.23,-1.20,0.11,8.0,17.3,-65.3
15811,0.22,-1.22,0.02,17.7,14.9,-58.2
15811,0.23,-1.16,0.06,26.4,13.5,-51.8
15840,0.21,-1.06,0.09,30.6,15.3,-48.5
15871,0.18,-1.11,-0.00,29.9,16.4,-45.9
15871,0.17,-1.17,-0.14,18.6,14.8,-40.7
15900,0.17,-1.18,-0.19,-1.5,11.0,-34.9
15931,0.14,-1.11,-0.19,-17.9,8.1,-30.2
15931,0.15,-1.06,-0.19,-19.4,4.1,-25.6
15960,0.16,-1.05,-0.09,-3.9,2.2,-20.9
15991,0.19,-1.08,-0.05,5.8,3.1,-15.4
15991,0.24,-1.12,-0.07,-4.9,3.7,-9.7
16020,0.25,-1.04,-0.12,-22.6,4.0,-4.5
16050,0.32,-0.87,-0.19,-22.4,1.8,-3.7
16081,0.45,-0.96,-0.19,-14.5,-2.2,-5.8
16081,0.61,-1.15,0.00,-17.9,-4.5,-4.2
16110,0.72,-1.10,0.27,-16.3,4.2,-2.0
16141,0.71,-1.10,0.17,-12.5,7.8,-2.5
16141,0.74,-1.25,-0.28,-16.5,5.9,-2.0
16171,0.74,-1.25,-0.26,-28.8,-2.0,1.1
16171,0.73,-1.06,-0.08,-26.3,-5.1,2.6
16234,0.69,-0.97,0.03,-9.8,-4.0,-0.2
16234,0.64,-1.10,-0.01,-4.3,-2.8,-0.4
16234,0.62,-1.15,-0.07,-17.3,-3.0,2.7
16260,0.61,-1.05,-0.12,-24.2,-4.9,5.6
16290,0.56,-0.95,-0.11,-0.6,-8.5,7.6
16320,0.51,-1.03,0.05,18.2,-9.9,11.5
16349,0.49,-0.97,0.22,-5.4,-5.6,15.4
16350,0.48,-0.78,0.17,-33.7,0.2,15.0
16351,0.48,-0.67,-0.03,-22.2,-0.4,13.8
16380,0.45,-0.67,0.01,17.0,-5.3,14.8
16411,0.42,-0.63,0.26,21.7,-2.6,13.9
16411,0.46,-0.44,0.16,14.0,1.3,11.2
16441,0.51,-0.36,-0.28,33.0,2.9,1.7
16471,0.38,-0.74,-0.16,96.7,-8.7,-5.8
16501,0.26,-0.70,0.23,81.9,-5.3,-11.9
16501,0.24,-0.66,0.00,56.8,3.2,-20.1
16531,0.09,-1.00,-0.76,131.3,6.1,-30.3
16531,-0.13,-1.47,-1.27,187.4,-1.3,-26.9
16591,-0.29,-1.64,-1.37,210.0,-27.8,-10.9
16592,-0.27,-1.34,-1.52,145.1,-46.7,-14.8
16592,-0.71,-1.77,-1.16,247.6,-82.3,-10.0
16620,-1.35,-1.59,-1.05,409.5,-103.0,8.1
16650,-1.85,-1.38,-0.16,397.3,-109.9,-20.8
16681,-1.72,-1.67,-1.02,370.4,-92.3,-54.1
16681,-1.76,-1.92,-3.75,702.9,-149.7,-56.5
16710,-2.54,-0.53,-4.00,1327.6,-256.7,-89.8
16756,-3.51,-2.43,-3.58,1661.8,-222.8,-200.6
16756,-3.50,0.08,-3.51,797.4,-56.3,-241.8
16770,-3.99,4.00,-3.95,501.9,-62.3,-295.5
16800,-4.00,4.00,-2.79,654.6,-56.6,-566.2
16861,-3.99,2.15,-1.37,743.4,-11.0,-603.8
16862,-4.00,1.75,0.93,289.7,99.9,-635.3
16862,-4.00,2.52,-1.14,-265.9,85.5,-877.8
16890,-4.00,-4.00,-1.04,-134.6,-70.6,-512.5
16921,-3.49,-3.89,3.37,-303.2,-53.9,-251.7
16921,-1.61,-3.99,3.47,-252.7,-18.9,-210.5
16952,0.03,-4.00,-0.81,2.0,50.0,-175.8
16980,0.87,-4.00,-2.71,47.8,10.6,-21.3
17011,0.80,-3.29,1.05,-25.8,-70.8,139.0
17012,1.56,0.13,2.67,-24.4,-17.3,143.0
17042,1.86,0.26,0.03,54.0,67.4,32.8
17042,1.61,-0.49,-1.15,59.7,51.4,29.5
17071,1.27,-0.86,-1.54,26.5,13.2,45.6
17100,1.28,0.44,-0.54,-28.1,-1.2,37.5
17101,0.94,0.77,0.12,-42.5,0.2,-9.4
17130,0.47,-0.40,0.52,-11.4,15.1,-24.1
17161,0.39,-1.15,0.33,27.6,32.5,-16.3
17161,0.53,-1.52,-0.57,8.6,35.2,-2.7
17191,0.52,-1.50,-1.32,-17.5,8.7,8.9
17220,0.31,-1.07,0.50,14.4,-16.8,21.2
17251,0.26,-1.02,1.07,34.1,9.8,26.7
17251,0.30,-0.56,-0.40,22.8,46.3,28.8
17280,0.41,-0.46,-1.16,30.7,39.0,27.5
17280,0.58,-0.22,-1.59,33.8,7.0,24.0
17310,0.49,0.10,-0.87,27.8,-8.9,13.7
17340,0.37,0.20,-0.52,2.1,-6.5,-8.5
17401,0.29,-0.40,-0.63,-8.1,-7.6,-27.1
17401,0.25,-1.34,-0.71,-6.2,-14.0,-21.6
17402,0.22,-1.45,-0.58,-19.1,-19.2,-6.2
17430,0.17,-1.12,-0.14,-2.3,-20.4,0.8
17461,0.16,-1.12,-0.01,1.8,-12.8,1.3
17461,0.17,-1.22,-0.19,1.8,-4.2,1.8
17490,0.18,-1.45,-0.35,0.9,-5.7,10.7
17521,0.19,-1.42,-0.25,-2.1,-5.7,17.5
17521,0.19,-0.68,0.03,0.4,1.4,24.7
17550,0.22,-0.50,-0.13,16.4,12.1,19.8
17581,0.31,-0.40,-0.59,15.9,10.5,11.1
17581,0.26,-0.42,-0.38,4.6,4.8,4.2
17641,0.22,-0.52,-0.36,-4.3,10.6,-7.0
17641,0.18,-0.82,-0.62,-3.2,9.1,-8.8
17642,0.14,-0.99,-0.66,-24.6,3.3,-5.4
17671,0.12,-0.93,-0.59,-59.8,1.9,-3.7
17759,0.11,-0.81,-0.72,-103.5,-0.9,-6.8
17762,-0.01,-0.86,-0.76,-151.2,-9.6,-14.0
17798,-0.07,-1.18,-0.52,-185.7,-12.9,-16.5
17798,-0.12,-1.44,-0.47,-284.1,-15.5,-21.2
17798,-0.42,-2.58,-0.04,-530.0,-37.3,-10.4
17798,-0.65,-1.74,0.49,-647.0,-40.8,26.1
17820,-0.87,0.93,0.69,-595.5,-41.1,7.4
17850,-0.63,0.16,0.70,-509.4,-45.4,-28.5
17881,-0.44,-1.59,0.83,-537.8,-42.7,4.1
17881,-0.18,-0.46,0.91,-578.9,-27.6,40.9
17941,0.30,1.19,0.18,-517.0,-15.4,28.0
17942,1.10,1.70,-0.72,-325.1,-45.5,-11.6
17943,1.54,-0.23,1.08,-127.9,-71.2,-38.3
17970,1.59,-1.35,3.08,-99.1,-47.5,-3.6
17971,0.78,0.18,3.66,-175.2,42.8,6.3
18000,0.45,1.24,1.43,-287.6,50.5,-6.6
18030,1.12,2.40,1.97,-297.8,26.5,-21.5
18060,1.08,1.04,4.00,-84.4,48.0,-58.1
18060,0.51,1.10,4.00,-81.1,85.7,-52.7
18090,0.11,1.91,3.03,-257.7,173.0,-98.3
18090,0.16,1.59,0.88,-329.2,172.3,-124.7
18120,0.12,1.34,0.94,-379.2,125.8,-157.3
18151,-0.07,1.99,1.56,-292.5,99.7,-169.8
18151,-0.12,1.95,1.54,-168.7,101.0,-199.6
18180,-0.13,0.64,1.10,-110.4,103.0,-214.1
18210,0.16,-0.20,0.47,-100.5,94.7,-201.0
18318,0.23,-0.28,0.40,-113.3,81.3,-188.5
18318,0.19,-0.15,0.64,-156.8,69.0,-181.6
18318,0.04,0.02,1.00,-153.7,69.1,-184.6
18318,0.04,-0.31,0.82,-132.1,72.6,-180.7
18330,0.12,-0.21,0.27,-141.7,53.0,-164.2
18331,0.03,-0.07,0.41,-137.1,43.6,-164.4
18360,-0.00,-0.06,0.45,-130.9,41.1,-164.8
18390,0.03,-0.18,0.41,-114.9,36.9,-164.5
18421,0.08,-0.22,0.33,-99.5,31.1,-159.1
18421,0.02,-0.09,0.26,-82.6,26.2,-158.8
18451,-0.10,-0.20,0.15,-53.0,18.1,-156.6
18451,-0.16,-0.24,0.39,-3.4,15.4,-152.3
18480,-0.12,-0.44,0.43,35.1,23.8,-146.9
18511,-0.14,-0.60,0.12,24.7,27.0,-139.0
18511,-0.18,-0.62,-0.04,-16.7,23.1,-133.4
18540,-0.14,-0.69,0.03,-41.7,16.7,-126.1
18570,-0.11,-0.59,0.32,-31.1,17.0,-119.4
18601,-0.06,-0.70,0.43,-8.4,22.9,-115.2
18601,-0.09,-0.88,0.33,7.1,30.1,-110.9
18630,-0.06,-1.25,-0.00,21.2,31.4,-105.2
18632,0.06,-1.72,-0.12,20.4,25.0,-87.8
18691,0.16,-1.70,0.16,-5.1,24.5,-69.0
18692,0.22,-1.46,0.23,-35.6,31.1,-58.5
18693,0.29,-1.40,-0.07,-38.9,31.7,-55.2
18720,0.35,-1.59,-0.18,-6.4,21.5,-39.6
18751,0.38,-1.61,0.09,3.8,17.8,-31.6
18751,0.41,-1.37,0.43,8.1,21.4,-14.8
18781,0.47,-1.36,0.22,0.1,26.1,-13.7
18839,0.49,-1.51,-0.23,-24.0,27.5,-9.8
18840,0.44,-1.14,-0.37,8.1,9.9,4.2
18841,0.42,-0.87,-0.24,95.1,-0.2,2.6
18870,0.39,-1.13,-0.21,149.7,-4.7,-0.1
18900,0.30,-1.26,-0.30,128.2,-8.9,3.3
18900,0.18,-0.92,-0.28,120.2,-11.7,1.9
18930,0.08,-0.86,-0.29,149.2,-13.2,-5.1
18960,-0.15,-1.51,-0.78,166.8,-13.5,-7.4
18960,-0.20,-1.50,-0.95,155.7,-21.6,-1.7
18991,-0.20,-1.71,-1.51,191.3,-33.1,4.1
18991,-0.28,-1.79,-1.70,217.7,-56.0,15.1
19020,-0.67,-2.08,-1.36,238.0,-132.6,31.7
19050,-1.18,-1.49,0.17,303.4,-133.4,38.1
19081,-1.27,-0.89,-0.39,418.7,-122.6,17.2
19081,-1.15,-0.80,-2.05,491.6,-138.9,-1.5
19111,-1.49,-0.92,-2.27,934.7,-205.1,-70.5
19111,-2.67,-1.06,-3.15,1156.0,-210.8,-98.0
19140,-2.66,-1.91,-2.64,1457.0,-168.6,-164.1
19170,-2.07,-2.02,-3.77,1260.1,-40.2,-186.2
19171,-1.60,2.45,-4.00,305.7,-115.7,-213.6
19231,-2.07,4.00,-4.00,238.4,-180.0,-274.3
19231,-3.78,2.86,-1.11,658.9,-191.3,-499.6
19233,-4.00,1.04,3.21,579.0,-117.2,-536.7
19290,-4.00,-0.86,2.23,-19.1,98.2,-688.0
19292,-3.81,-4.00,-0.05,-108.9,73.4,-529.8
19321,-3.88,-4.00,-0.62,2.0,54.8,-421.1
19321,-1.72,-3.93,-3.61,72.2,60.6,-323.3
19379,0.17,-4.00,-1.84,-137.2,-48.2,-175.0
19380,0.39,-4.00,2.68,-151.2,-89.3,-123.8
19381,0.32,-4.00,1.36,-0.3,6.6,-81.8
19410,0.54,-3.97,-1.73,51.0,16.8,90.2
19410,0.66,-3.38,-2.23,15.3,-6.8,126.3
19440,1.10,0.20,-2.26,-17.8,-49.1,104.1
19471,1.19,1.69,-0.94,15.3,-79.5,27.3
19472,0.85,0.24,0.88,15.1,-61.0,-10.4
19500,0.82,-0.88,1.22,-2.3,-17.0,-7.1
19530,0.91,-0.98,-0.03,-36.2,-2.7,5.5
19530,0.79,-0.35,-0.86,-28.1,-21.9,5.8
19560,0.68,-0.15,-0.39,1.9,-39.8,-7.8
19590,0.41,-0.73,0.94,-12.3,-18.4,-12.9
19620,0.36,-0.72,0.95,-13.2,-4.4,-12.6
19620,0.44,-1.04,0.06,15.3,13.9,-12.9
19651,0.49,-1.25,-0.23,31.0,14.3,-3.8
19651,0.57,-1.09,-0.56,12.9,4.3,9.9
19680,0.57,-0.48,-0.25,17.6,-5.3,10.2
19741,0.50,-0.34,0.29,28.3,5.3,4.2
19743,0.54,-0.33,0.11,24.3,21.7,-3.2
19743,0.58,-0.66,-0.66,26.4,22.3,-7.6
19801,0.54,-1.08,-1.14,21.1,3.4,1.2
19802,0.47,-0.96,-0.81,-7.3,-10.4,11.3
19803,0.53,-0.23,-0.65,-18.9,-14.7,4.6
19830,0.59,-0.13,-0.51,11.4,-20.2,-14.1
19888,0.47,-0.71,-0.01,11.0,-12.8,-21.3
19890,0.35,-0.97,-0.14,-12.3,2.0,-18.2
19891,0.35,-0.95,-0.81,-13.8,-0.2,-17.3
19920,0.41,-1.05,-0.80,-0.9,-14.3,-15.4
19920,0.34,-1.13,-0.14,1.3,-14.3,-14.6
19950,0.19,-1.33,0.14,2.9,1.2,-12.2
20009,0.16,-1.64,-0.21,3.4,11.0,-1.2
20010,0.25,-1.59,-0.55,5.4,7.8,14.0
20012,0.32,-1.20,-0.57,10.9,1.8,24.4
20012,0.33,-0.68,-0.31,14.9,1.3,25.1
20040,0.39,-0.29,-0.18,12.2,9.1,16.9
20071,0.45,-0.18,-0.40,8.2,13.0,10.3
20072,0.49,-0.48,-0.71,5.4,14.0,-2.2
20100,0.48,-0.79,-0.71,1.5,6.9,-5.7
20131,0.46,-0.63,-0.61,-3.9,1.8,-3.1
20131,0.45,-0.60,-0.53,7.3,-0.9,-8.5
20160,0.40,-0.73,-0.51,-3.2,-2.0,-11.8
20191,0.33,-0.90,-0.44,-9.3,-2.9,-12.7
20191,0.30,-1.11,-0.42,-9.7,-1.6,-11.5
20220,0.29,-1.23,-0.56,-9.4,-1.0,-6.7
20251,0.26,-1.12,-0.40,-9.8,-6.3,1.4
20251,0.30,-0.80,-0.20,-6.5,-2.3,6.8
20281,0.35,-0.68,-0.22,-4.6,0.6,4.8
20311,0.45,-0.70,-0.47,-4.6,2.7,-0.5
20311,0.43,-0.82,-0.47,-11.7,-0.4,-1.8
20403,0.44,-0.64,-0.23,-24.0,-3.5,0.1
20403,0.52,-0.61,-0.15,-23.7,4.1,-6.5
20403,0.58,-0.78,-0.37,-32.2,5.2,-9.0
20403,0.53,-0.86,-0.36,-56.3,2.8,-9.0
20459,0.48,-0.83,-0.35,-73.0,4.6,-11.8
20460,0.33,-1.02,-0.48,-93.6,0.7,-17.6
20461,0.14,-1.48,-0.30,-133.4,-4.6,-16.7
20490,0.07,-1.79,0.10,-149.6,-5.4,-14.8
20549,-0.14,-2.19,0.44,-247.1,2.5,-9.2
20551,-0.49,-2.92,0.78,-314.0,6.5,-2.9
20552,-0.65,-2.31,1.22,-468.0,35.8,30.5
20552,-0.55,-2.21,1.05,-511.6,57.9,38.8
20580,-0.22,-1.63,1.36,-571.4,82.8,40.7
20610,0.05,-1.29,0.81,-583.3,106.9,15.9
20640,0.40,-2.21,0.55,-637.9,90.7,31.1
20671,0.42,-1.46,1.03,-648.5,95.6,36.4
20671,0.51,0.16,1.21,-559.2,121.0,-15.0
20700,1.08,-0.93,0.48,-509.1,113.9,-20.8
20731,1.56,0.09,0.26,-441.9,89.7,-12.1
20731,1.53,1.01,0.43,-362.1,70.0,-43.5
20820,1.55,0.09,1.06,-415.8,59.2,-55.1
20822,1.02,1.09,1.24,-473.9,75.5,-58.6
20822,1.07,1.39,0.90,-482.8,79.6,-84.4
20824,1.19,1.19,0.07,-535.7,57.3,-115.2
20851,1.06,1.42,0.28,-489.4,20.8,-132.0
20852,0.65,2.05,0.90,-214.5,-0.2,-149.0
20880,0.25,1.16,1.54,-28.8,11.2,-175.0
20926,0.15,0.82,0.94,-186.8,26.9,-189.6
20940,0.18,0.85,0.36,-275.5,10.3,-199.7
20941,0.19,0.82,0.56,-220.0,-8.4,-201.9
20972,0.13,0.67,0.83,-119.5,-15.9,-200.0
21000,-0.15,0.84,0.99,-51.6,-12.0,-202.9
21001,-0.44,0.79,1.00,-38.1,-3.8,-214.6
21031,-0.51,0.43,0.89,-61.4,6.6,-225.2
21061,-0.48,0.04,0.51,-67.3,9.5,-224.6
21062,-0.53,-0.24,0.19,-70.6,3.0,-221.1
21090,-0.44,-0.49,0.12,-58.8,-10.1,-212.3
21120,-0.45,-0.39,0.48,-15.0,-13.0,-203.4
21150,-0.52,-0.56,0.22,31.8,-4.0,-201.0
21150,-0.56,-0.87,-0.04,53.8,-3.6,-195.1
21181,-0.57,-1.12,0.17,45.9,-7.8,-184.1
21181,-0.53,-1.07,0.26,13.2,-5.1,-170.7
21210,-0.52,-0.96,0.25,-2.8,-2.1,-161.8
21240,-0.52,-1.02,0.09,0.4,-1.3,-158.0
21270,-0.51,-1.40,-0.10,-4.5,-6.2,-147.0
21301,-0.42,-1.38,0.14,-6.0,-11.7,-128.7
21301,-0.38,-1.26,0.25,10.4,-9.5,-115.7
21330,-0.30,-1.31,0.34,20.4,-2.3,-107.8
21330,-0.23,-1.50,0.23,20.7,4.2,-97.0
21360,-0.08,-1.83,0.08,12.2,5.1,-81.1
21391,-0.02,-1.76,0.11,8.5,4.4,-62.0
21391,0.00,-1.55,0.22,20.1,6.2,-49.8
21450,0.06,-1.63,0.22,24.6,9.0,-44.1
21450,0.25,-2.03,0.24,1.3,9.2,-33.3
21451,0.30,-2.08,0.28,-11.0,9.2,-14.5
21480,0.19,-1.74,0.23,0.4,9.8,-0.5
21482,0.16,-1.49,0.06,-3.5,7.3,4.2
21510,0.17,-1.45,0.08,-27.2,1.8,7.1
21540,0.17,-1.33,0.24,-31.6,0.4,10.1
21571,0.16,-1.10,0.26,2.1,1.5,17.5
21571,0.20,-1.09,0.13,7.1,-0.6,17.9
21600,0.25,-1.16,0.18,-16.6,-4.8,21.4
21631,0.30,-0.92,0.33,-19.7,-4.6,25.1
21631,0.34,-0.67,0.35,-1.7,-1.9,23.2
21661,0.37,-0.70,0.20,2.1,-2.0,17.5
21661,0.41,-0.83,0.14,-3.5,-3.8,15.6
21691,0.46,-0.84,0.22,-11.3,-7.6,14.6
21749,0.48,-0.74,0.23,-6.0,-9.0,14.7
21750,0.47,-0.60,0.22,2.9,-10.9,11.7
21753,0.47,-0.57,0.24,16.2,-13.2,4.8
21780,0.50,-0.85,0.29,27.0,-12.9,0.2
21781,0.50,-0.88,0.24,24.2,-12.0,0.3
21841,0.48,-0.92,0.31,12.8,-13.5,2.1
21841,0.48,-0.89,0.47,-28.7,-8.6,-0.3
21870,0.54,-1.03,0.42,-22.7,-1.8,-0.7
21870,0.49,-1.28,0.14,18.0,-3.7,6.7
21901,0.45,-1.37,0.26,7.4,-6.7,17.4
21930,0.45,-1.22,0.55,-70.4,0.4,18.4
21931,0.44,-1.15,0.44,-103.7,8.2,19.0
21971,0.41,-1.16,0.23,-72.4,8.1,22.0
21991,0.32,-1.14,0.26,13.7,3.6,32.8
21991,0.26,-0.73,0.44,30.1,1.1,34.5
22020,0.26,-0.52,0.32,53.3,2.6,22.3
22050,0.12,-0.83,0.11,102.2,-2.2,15.3
22051,-0.25,-0.89,-0.14,163.5,-11.5,13.2
22080,-0.32,-1.07,-0.22,205.1,-17.4,5.9
22111,-0.43,-1.93,-0.48,140.0,-25.8,2.7
22111,-0.60,-2.23,-0.56,148.4,-34.4,18.9
22140,-0.70,-2.53,-1.75,273.9,-59.6,48.0
22171,-1.19,-1.29,-0.54,286.2,-133.1,73.7
22201,-1.77,-0.43,0.84,276.3,-135.9,54.4
22201,-1.97,-2.51,-0.85,463.4,-123.2,20.6
22230,-1.74,-2.54,-2.53,511.9,-150.3,33.7
22230,-2.19,-1.88,-2.70,688.4,-228.1,23.2
22260,-2.91,-2.48,-2.74,920.8,-293.7,-22.8
22290,-3.16,-1.38,-2.98,1161.1,-305.8,-67.4
22349,-3.18,-0.41,-3.82,1371.3,-277.9,-163.3
22351,-4.00,2.59,-3.61,1039.2,-275.9,-323.2
22352,-4.00,3.59,-3.10,594.8,-240.2,-479.1
22352,-3.99,3.44,-1.20,608.3,-172.6,-636.1
22380,-4.00,-0.59,-0.03,290.7,-44.4,-707.6
22411,-4.00,-1.43,-1.27,-209.5,-56.5,-772.3
22439,-4.00,-3.85,-1.81,-113.9,-155.2,-735.0
22440,-4.00,-4.00,0.81,-90.5,-214.3,-461.7
22470,-3.51,-3.96,4.00,-163.8,-155.9,-279.5
22500,-1.24,-3.99,4.00,-64.1,-21.9,-210.0
22500,0.43,-4.00,1.15,4.6,5.2,-89.4
22530,0.53,-3.95,0.60,17.9,-50.4,43.6
22561,0.66,-3.60,1.50,25.0,-38.8,74.5
22561,1.10,-2.18,0.81,30.6,1.2,51.8
22590,0.96,-2.11,0.47,29.4,7.5,54.7
22621,0.74,-1.04,0.66,26.5,12.4,78.4
22621,0.77,0.03,0.39,6.8,32.7,76.4
22651,0.82,0.78,-1.46,6.3,10.7,12.5
22681,0.63,0.14,-0.98,-5.3,-17.6,-5.7
22681,0.44,-0.13,0.12,2.6,-14.3,-17.1
22741,0.35,-0.72,0.01,5.6,0.5,-24.5
22741,0.27,-1.38,-0.62,-8.0,-5.7,-16.4
22770,0.25,-1.36,-0.55,-2.6,-20.9,-1.2
22772,0.16,-1.12,0.12,23.2,-19.5,3.7
22801,0.14,-1.17,0.00,19.1,-6.4,4.2
22801,0.16,-1.30,-0.45,-2.0,-14.5,8.6
22891,0.18,-1.07,-0.02,-4.3,-21.8,13.3
22919,0.24,-0.98,0.50,10.0,-6.5,12.4
22920,0.26,-0.96,0.07,14.9,5.8,12.0
22922,0.25,-0.50,-0.36,6.7,-3.1,12.8
22923,0.31,-0.14,-0.25,10.3,-3.5,7.4
22950,0.28,-0.36,-0.31,19.2,-1.4,-15.6
22981,0.18,-0.86,-0.25,11.4,-2.6,-19.2
22981,0.13,-1.12,0.02,-5.7,0.2,-16.1
23016,0.19,-1.28,-0.01,-0.7,3.4,-13.9
23041,0.21,-1.38,-0.08,10.4,7.6,-7.0
23041,0.20,-1.31,-0.14,10.0,9.2,1.7
23071,0.18,-0.90,-0.15,10.8,9.4,5.1
23100,0.21,-0.88,-0.26,10.6,14.2,0.2
23131,0.30,-1.01,-0.55,6.9,9.8,2.3
23131,0.34,-0.85,-0.51,2.5,1.5,5.1
23161,0.31,-0.62,-0.23,0.6,1.3,0.3
23161,0.29,-0.67,-0.25,0.9,4.6,-7.4
23190,0.28,-1.00,-0.39,0.2,3.9,-8.9
23221,0.27,-1.04,-0.32,-3.4,-0.4,-5.0
23251,0.26,-0.97,-0.15,-7.2,-2.1,-2.4
23251,0.29,-0.98,-0.20,-7.1,1.2,-2.6
23281,0.33,-1.07,-0.29,-6.8,0.9,-0.8
23281,0.34,-1.08,-0.28,-11.6,-0.1,0.7
23310,0.35,-0.99,-0.12,-43.2,0.2,1.6
23341,0.34,-0.99,-0.09,-54.0,2.2,-1.0
23341,0.36,-1.19,-0.13,-71.6,5.2,-6.3
23371,0.34,-1.76,-0.21,-113.8,4.8,-1.9
23400,0.27,-2.18,-0.18,-182.6,2.8,10.0
23430,0.06,-2.34,-0.11,-270.0,-4.8,20.4
23430,-0.31,-3.32,1.35,-369.0,-6.2,27.0
23460,-0.48,-3.50,2.06,-511.8,22.0,55.0
23461,-0.54,-3.01,1.97,-659.7,69.8,84.8
23490,-0.40,-1.56,0.70,-732.0,96.9,87.5
23538,-0.12,0.09,-0.14,-648.6,74.3,61.0
23538,-0.09,0.05,0.78,-528.0,60.8,36.6
23550,0.08,-0.15,1.25,-561.3,83.2,24.8
23580,0.36,0.17,0.06,-621.0,94.2,9.9
23611,0.78,1.16,-1.00,-554.4,63.8,-15.8
23611,1.19,1.49,-0.40,-314.4,6.9,-62.2
23641,0.57,0.00,3.02,-200.6,17.8,-61.8
23641,0.51,0.60,2.91,-227.0,96.6,-64.0
23671,0.42,1.16,0.55,-262.3,89.2,-82.7
23701,0.48,2.14,1.24,-219.5,63.3,-90.4
23701,0.46,0.80,2.83,-6.5,57.1,-118.3
23761,0.47,-0.18,2.96,32.8,104.0,-111.7
23789,0.36,0.60,2.03,-210.6,141.8,-104.2
23791,0.22,0.84,0.85,-546.8,137.1,-168.6
23791,0.22,1.12,0.51,-527.2,95.9,-199.4
23821,0.13,0.81,0.78,-375.1,64.8,-210.0
23821,0.02,1.01,0.50,-220.6,47.1,-215.7
23850,-0.16,0.70,0.37,-143.8,34.0,-222.1
23940,-0.27,0.16,0.98,-16.8,20.7,-222.4
23941,-0.28,0.40,0.90,32.3,39.2,-215.8
23942,-0.30,0.25,0.57,3.8,53.8,-228.6
23971,-0.34,-0.80,0.22,-72.8,49.3,-231.4
23971,-0.16,-0.63,0.37,-81.1,33.0,-203.6
24000,-0.29,-0.57,0.41,-39.2,35.6,-204.0
24030,-0.37,-0.96,0.11,-12.4,37.8,-199.5
24031,-0.30,-1.35,-0.10,-7.9,35.6,-193.5
24089,-0.27,-1.57,-0.09,-51.2,26.4,-166.4
24090,-0.17,-1.31,-0.01,-72.0,23.3,-156.7
24092,-0.20,-1.02,0.07,-89.4,16.9,-143.2
24120,-0.24,-1.18,0.18,-72.1,13.1,-134.7
24151,-0.23,-1.38,0.03,-55.5,12.0,-109.7
24151,-0.23,-1.09,-0.06,-55.9,8.9,-100.8
24180,-0.20,-0.96,0.16,-18.3,1.9,-87.3
24211,-0.15,-1.44,0.27,-11.3,8.6,-74.0
24211,-0.11,-1.51,-0.01,-24.3,10.1,-62.9
24241,-0.08,-1.06,0.01,-46.8,4.0,-39.1
24241,-0.07,-0.96,0.15,-41.4,4.7,-36.5
24270,-0.04,-1.11,0.27,-30.1,12.8,-30.0
24301,0.03,-1.23,-0.09,-10.2,14.7,-18.0
24301,0.23,-1.04,-0.22,27.4,5.3,-9.2
24331,0.37,-1.01,0.25,42.9,4.6,-7.2
24361,0.59,-1.06,0.40,31.0,15.0,-8.5
24361,0.79,-1.25,0.08,14.0,17.2,-9.2
24390,0.85,-1.27,-0.01,10.7,10.0,-7.4
24421,0.96,-1.17,0.23,26.7,8.0,-9.2
24421,1.07,-1.25,0.31,29.9,12.5,-14.8
24481,0.96,-1.45,0.14,21.5,17.3,-15.1
24481,0.69,-1.32,-0.36,28.2,12.3,-10.3
24483,0.61,-1.25,-0.40,13.5,2.4,-8.1
24510,0.51,-1.03,-0.19,-14.1,-5.7,-9.3
24540,0.41,-1.04,-0.13,21.1,-11.2,-5.6
24583,0.34,-0.99,-0.08,40.0,-15.7,2.1
24600,0.34,-0.82,0.20,-2.9,-15.6,0.6
24629,0.30,-0.92,0.33,-43.9,-6.8,-1.8
24630,0.30,-0.86,0.04,14.3,-2.8,11.7
24661,0.32,-0.65,0.06,33.8,-7.4,13.2
24661,0.39,-0.65,0.31,4.4,-3.8,6.2
24690,0.43,-0.91,0.19,20.6,-0.5,6.5
24721,0.38,-0.89,0.09,73.2,-3.8,14.6
24749,0.38,-0.67,0.36,82.0,-1.2,6.7
24750,0.48,-0.99,0.19,49.1,7.8,-7.0
24781,0.41,-1.54,-0.30,83.7,1.3,-0.9
24781,0.18,-1.57,-0.25,139.1,-9.4,14.8
24810,0.01,-1.11,0.22,123.5,-2.5,10.6
24840,0.05,-1.37,-0.23,109.3,10.7,-3.8
24841,0.15,-2.33,-1.46,133.5,-4.0,10.4
24870,0.06,-2.16,-2.02,195.4,-44.9,37.2
24900,-0.04,-1.64,-1.91,259.0,-86.7,44.9
24930,-0.40,-1.29,-0.89,318.4,-122.8,40.4
24932,-0.63,-1.47,-0.10,353.9,-126.3,35.9
24991,-0.89,-0.76,0.06,433.5,-134.5,17.0
24991,-1.19,-1.36,-0.40,617.1,-134.8,-8.3
24992,-1.22,-0.98,-1.30,754.5,-160.5,-23.6
25020,-1.13,-0.46,-1.33,984.0,-167.5,-62.7
25050,-2.10,-0.54,-2.51,1217.5,-153.0,-125.9
25052,-2.40,-1.30,-2.30,1165.4,-97.0,-171.6
25080,-2.68,2.17,-3.74,689.9,-54.9,-160.0
25082,-3.26,4.00,-3.42,283.0,-101.6,-255.2
25110,-4.00,4.00,-2.13,282.5,-108.9,-388.4
25140,-4.00,3.91,-2.80,426.0,-109.4,-474.8
25171,-3.98,3.99,-1.75,369.7,-112.4,-578.2
25173,-4.00,3.97,1.17,17.2,-70.7,-733.3
25230,-4.00,0.98,0.92,-140.1,-53.1,-886.0
25231,-4.00,-4.00,-0.13,-94.1,-75.4,-900.2
25260,-4.00,-4.00,1.32,-124.8,-127.8,-572.1
25261,-4.00,-3.90,3.53,-125.7,-114.8,-344.7
25291,-2.87,-4.00,4.00,-56.8,5.2,-228.1
25292,-0.35,-4.00,1.47,-7.6,68.6,-68.4
25320,0.27,-3.89,-1.41,35.6,3.1,120.2
25351,0.19,-3.07,0.05,80.5,-47.8,183.8
25351,0.72,0.17,2.57,60.9,6.6,116.6
25381,1.11,1.24,1.47,11.3,70.4,43.3
25411,1.21,0.27,-1.04,33.7,72.6,18.1
25411,1.35,0.30,-2.78,2.0,26.8,10.4
25440,0.78,0.42,-1.29,-12.5,-40.1,-23.6
25471,0.27,-1.01,0.99,-22.5,-40.5,-54.2
25501,-0.01,-1.98,1.19,-21.4,4.0,-44.5
25501,-0.03,-2.95,-0.46,-9.5,16.0,-31.6
25561,-0.02,-2.90,-1.48,-4.3,-22.0,29.4
25563,-0.07,-1.93,-0.53,2.7,-41.7,45.3
25563,-0.12,-1.36,0.31,19.8,-51.0,58.3
25590,-0.10,-0.46,1.19,19.7,-17.6,49.0
25626,0.01,-0.35,0.63,15.0,17.1,36.6
25626,0.24,-0.38,-1.07,21.1,12.6,24.9
25651,0.20,-0.46,-0.62,16.8,-21.1,14.0
25651,0.12,-0.43,-0.17,10.8,-21.4,9.8
25680,-0.04,-0.45,0.34,13.3,-9.3,-0.4
25711,-0.07,-0.65,0.18,16.7,4.8,-6.7
25711,0.04,-0.83,-0.39,5.6,5.0,-10.6
25740,0.09,-0.97,-0.61,0.4,-9.5,-13.5
25771,0.01,-1.31,-0.03,2.9,-14.7,-9.7
25772,-0.02,-1.35,0.45,3.7,-3.2,-0.9
25801,-0.00,-1.22,0.37,14.3,11.6,3.8
25830,0.16,-1.13,-0.27,14.6,16.9,9.0
25861,0.27,-0.84,-0.30,8.3,7.6,11.5
25861,0.27,-0.72,-0.05,11.0,7.6,7.8
25890,0.19,-0.69,0.09,8.6,14.8,3.8
25920,0.19,-0.73,-0.20,7.0,20.2,0.6
25951,0.26,-0.75,-0.59,5.4,12.8,-1.5
25951,0.21,-0.74,-0.30,2.6,3.1,-3.7
25981,0.18,-0.76,-0.15,-0.4,3.2,-7.6
26011,0.14,-0.91,-0.12,-6.7,8.7,-10.4
26011,0.19,-1.07,-0.45,-0.5,8.7,-9.5
26041,0.21,-1.14,-0.48,7.4,2.5,-5.7
26041,0.20,-1.07,-0.36,-3.1,-2.0,-1.8
26071,0.20,-0.91,-0.21,-1.9,-2.4,-3.5
26101,0.24,-1.03,-0.13,3.1,-1.4,-4.4
26101,0.25,-1.15,-0.20,3.4,1.1,-3.2
26149,0.25,-1.08,-0.26,2.1,0.6,1.3
26160,0.30,-0.92,-0.23,1.7,-1.0,3.8
26161,0.33,-0.88,-0.26,5.7,-1.3,0.1
26190,0.31,-1.03,-0.28,1.7,-3.4,1.5
26220,0.29,-0.92,-0.20,-6.5,-5.0,2.9
26251,0.29,-0.82,-0.08,-2.6,-3.3,0.7
26251,0.30,-0.90,-0.10,1.8,-0.2,-1.6
26281,0.31,-1.00,-0.20,-2.0,-0.1,-1.2
26281,0.31,-1.04,-0.23,-8.4,-1.2,-0.3
26310,0.30,-0.97,-0.09,-51.0,-1.2,-0.3
26340,0.30,-1.02,-0.08,-73.1,1.0,-2.7
26371,0.21,-1.28,-0.29,-197.8,3.4,-13.4
26371,0.04,-2.01,-0.28,-257.8,-0.7,-16.7
26401,-0.33,-2.90,0.49,-390.0,-9.6,5.0
26401,-0.72,-2.70,1.25,-433.7,8.2,34.1
26430,-0.83,-2.03,1.35,-456.6,29.3,49.9
26461,-0.70,-1.51,1.16,-516.3,40.6,55.6
26461,-0.28,-0.36,0.84,-567.4,45.8,54.9
26490,0.10,0.31,0.52,-601.6,48.0,33.6
26520,0.45,-0.00,0.87,-555.6,33.8,6.3
26551,0.66,0.49,2.08,-335.1,29.4,-2.0
26579,0.63,0.94,3.19,-194.3,38.0,-13.8
26581,-0.09,-1.39,4.00,44.6,101.6,-19.0
26642,-0.29,-0.29,3.73,13.7,153.7,8.1
26642,-0.16,0.21,2.86,20.4,187.4,-13.5
26643,0.03,-1.57,2.60,-205.3,194.9,-11.8
26643,-0.40,-0.36,3.58,-322.3,208.8,-8.9
26672,-0.66,0.23,2.62,-397.2,258.2,-39.4
26700,-0.62,-0.31,1.46,-447.4,273.9,-84.5
26731,-0.73,-0.34,1.34,-616.3,254.0,-141.4
26759,-0.85,0.36,0.88,-650.8,246.8,-162.6
26760,-0.83,1.08,0.04,-531.2,183.6,-233.2
26792,-0.66,0.54,-0.22,-456.9,150.6,-251.5
26792,-0.63,0.17,0.33,-253.4,76.6,-261.7
26821,-0.70,0.15,0.64,-135.7,57.7,-260.4
26821,-0.74,-0.16,0.95,-83.1,53.5,-261.8
26850,-0.75,-0.92,1.25,-18.6,61.3,-257.4
26880,-0.78,-0.87,0.85,-26.3,81.6,-240.2
26938,-0.70,-0.99,0.19,-51.0,88.9,-233.3
26941,-0.56,-1.56,-0.09,-86.6,78.7,-226.6
26942,-0.44,-1.49,0.12,-136.0,55.2,-198.5
26942,-0.37,-1.29,0.20,-126.8,50.0,-190.8
26970,-0.45,-0.80,0.34,-67.9,43.4,-183.0
27000,-0.64,-0.85,0.43,-13.2,46.4,-181.7
27001,-0.55,-1.33,0.24,-10.9,49.3,-171.4
27030,-0.43,-1.49,0.03,-22.3,47.9,-154.1
27060,-0.43,-1.69,-0.13,-52.7,40.8,-134.6
27091,-0.29,-1.58,0.04,-101.4,33.8,-114.1
27091,-0.33,-1.09,0.24,-125.4,35.3,-102.3
27151,-0.34,-1.06,0.13,-117.7,37.9,-96.1
27151,-0.27,-1.27,-0.06,-69.4,33.1,-84.5
27152,-0.14,-1.30,-0.06,-16.7,28.8,-65.2
27195,-0.13,-1.21,-0.06,9.9,27.8,-52.6
27195,-0.08,-1.22,-0.08,-5.6,27.0,-45.8
27210,0.02,-1.26,-0.01,-42.4,26.4,-38.9
27241,0.09,-1.12,0.13,-25.5,28.6,-33.3
27241,0.16,-1.28,0.03,22.7,31.9,-25.9
27271,0.23,-1.38,-0.09,25.6,29.3,-17.3
27301,0.28,-1.28,-0.02,7.5,29.9,-14.7
27301,0.33,-1.38,-0.21,1.8,31.6,-12.8
27330,0.41,-1.49,-0.43,-3.7,21.9,-6.0
27389,0.43,-1.37,-0.28,-11.6,11.2,-0.3
27391,0.46,-1.15,0.04,-5.3,11.5,-1.2
27391,0.45,-1.21,-0.11,19.8,13.0,-1.6
27420,0.45,-1.42,-0.42,19.7,3.5,3.9
27451,0.43,-1.37,-0.15,-6.5,-6.6,8.1
27451,0.36,-1.09,0.10,11.0,-2.9,10.7
27481,0.30,-1.31,-0.19,67.2,-5.9,9.5
27511,0.26,-1.60,-0.14,44.5,-9.4,10.4
27511,-0.06,-1.77,-0.01,-29.2,-5.7,17.9
27540,-0.20,-1.50,-0.34,6.9,-4.3,25.5
27571,-0.59,-1.15,-0.93,149.7,-23.1,21.7
27571,-0.70,-1.16,-1.28,223.4,-38.1,8.1
27600,-0.79,-2.04,-1.85,310.7,-76.1,-13.1
27630,-0.85,-3.40,-2.36,314.5,-107.0,10.7
27631,-0.96,-3.51,-2.72,302.7,-143.1,30.6
27661,-1.87,-1.81,-0.82,403.2,-235.2,69.2
27691,-2.64,-1.32,0.69,469.2,-233.2,51.2
27691,-2.51,-2.13,-0.87,561.1,-202.0,-13.7
27720,-2.42,-2.20,-2.25,653.7,-224.1,-27.1
27750,-3.32,-1.40,-4.00,1043.6,-294.6,-73.9
27750,-4.00,-2.13,-3.90,1480.3,-292.7,-164.1
27780,-4.00,-1.74,-3.85,843.3,-150.2,-262.3
27811,-3.99,3.85,-4.00,293.6,-190.3,-358.6
27811,-4.00,4.00,-3.71,265.6,-235.7,-446.0
27840,-4.00,3.62,-1.77,354.4,-268.4,-582.4
27870,-4.00,0.64,1.13,364.0,-224.2,-702.3
27872,-4.00,-4.00,1.32,76.0,-117.0,-799.9
27930,-4.00,-4.00,-0.01,-224.3,-116.6,-710.9
27930,-4.00,-3.92,0.81,-114.8,-237.9,-515.6
27961,-3.97,-3.95,2.98,9.9,-254.7,-371.7
27961,-1.81,-4.00,4.00,-47.8,-135.7,-228.9
27991,-0.06,-4.00,3.35,-23.7,109.3,-118.7
27991,0.99,-4.00,-1.14,37.3,118.8,-71.7
28020,1.09,-4.00,-2.66,112.3,26.7,55.2
28051,0.91,-3.62,-1.42,68.3,-52.2,127.0
28051,0.68,-0.47,1.98,32.2,-37.4,96.7
28111,0.69,0.80,2.98,52.8,48.1,25.0
28112,0.83,-0.62,0.12,11.8,97.8,-7.4
28113,0.86,-1.81,-3.67,-12.1,-9.6,11.4
28140,0.66,-1.85,-2.98,-15.4,-53.1,22.6
28170,-0.00,-1.06,1.68,-10.1,-80.6,36.4
28201,-0.06,-0.83,2.64,6.8,-30.0,36.8
28202,0.17,-0.41,0.69,5.4,44.2,28.2
28235,0.42,-0.71,-2.02,14.3,27.2,14.7
28235,0.49,-0.94,-2.37,18.1,-7.6,16.9
28260,0.40,-0.96,-0.68,20.0,-51.5,25.3
28291,0.26,-0.72,1.51,22.7,-25.0,26.8
28291,0.20,-0.44,1.48,14.6,2.8,25.0
28320,0.24,-0.27,-0.38,27.8,42.8,11.9
28351,0.35,-0.47,-1.77,14.2,11.6,3.9
28351,0.27,-0.56,-1.37,-6.9,-28.9,-3.7
28381,0.04,-0.75,0.21,0.9,-34.3,-9.6
28382,-0.08,-1.14,1.19,13.9,-1.1,-9.6
28411,-0.04,-1.36,0.51,13.1,18.5,-6.8
28440,0.14,-1.22,-1.02,7.3,33.9,1.4
28471,0.19,-1.10,-1.44,7.7,8.9,6.3
28471,0.06,-0.69,-0.42,5.4,-20.1,5.5
28501,0.02,-0.63,0.11,2.9,-19.3,-3.7
28501,-0.01,-0.93,0.48,4.7,-0.2,-12.4
28531,0.03,-1.48,0.10,4.8,13.0,-6.2
28561,0.13,-1.63,-0.41,-2.0,10.6,10.3
28561,0.24,-1.13,-0.58,-3.8,5.9,17.5
28590,0.28,-0.59,-0.29,9.8,-5.7,16.2
28621,0.24,-0.49,0.08,11.8,-4.0,10.9
28621,0.24,-0.68,0.05,-0.4,9.9,-2.2
28650,0.31,-0.89,-0.27,1.9,13.5,-3.4
28711,0.37,-0.99,-0.59,5.0,10.9,-2.3
28711,0.33,-0.95,-0.45,-6.5,-2.9,0.9
28712,0.25,-0.76,-0.16,-10.4,-3.7,0.2
28756,0.25,-0.87,-0.10,7.4,2.0,-5.2
28770,0.26,-1.06,-0.22,9.3,3.1,-4.7
28770,0.26,-1.08,-0.26,1.7,2.4,-0.7
28801,0.28,-0.97,-0.32,-4.8,0.4,2.1
28801,0.30,-0.85,-0.31,-2.1,-3.1,1.1
28833,0.28,-0.86,-0.16,1.9,-4.4,-0.7
28834,0.30,-0.99,-0.05,2.9,-2.8,-0.3
28860,0.32,-1.01,0.06,-1.2,-1.0,1.4
28891,0.34,-0.94,0.05,-7.0,5.4,3.7
28891,0.41,-0.78,-0.20,3.6,7.8,2.1
28920,0.43,-0.84,-0.36,7.2,4.3,-0.1
28951,0.41,-0.82,-0.28,-0.4,0.2,-1.6
28951,0.38,-0.82,-0.21,-1.9,-1.6,-4.0
28980,0.36,-0.96,-0.12,4.8,2.3,-5.0
29011,0.35,-1.00,-0.25,3.2,1.6,-3.1
29041,0.34,-0.97,-0.23,-1.9,-0.2,-1.0
29041,0.38,-0.84,-0.22,-6.3,0.3,-2.7
29072,0.39,-0.92,-0.27,-4.3,-1.2,-5.5
29072,0.32,-1.12,-0.22,-1.5,-2.0,-5.1
29101,0.29,-1.17,-0.16,0.4,-2.6,0.1
29131,0.32,-0.98,-0.08,-2.7,-2.7,5.6
29161,0.35,-0.89,-0.06,-0.4,-0.4,6.3
29189,0.37,-0.84,-0.20,-3.1,3.5,2.9
29190,0.38,-0.93,-0.38,-2.7,2.2,2.0
29191,0.38,-0.93,-0.34,-1.9,-3.6,3.8
29220,0.35,-0.80,0.04,-5.9,-4.1,4.6
29250,0.36,-0.76,0.05,-7.6,2.1,2.4
29251,0.40,-0.77,-0.14,-13.5,7.2,-0.8
29280,0.41,-0.84,-0.41,-29.7,3.5,-3.0
29311,0.39,-0.88,-0.36,-36.4,-4.0,-4.5
29311,0.33,-1.03,-0.03,-34.2,-3.4,-3.6
29340,0.25,-1.06,0.06,-54.0,3.7,-3.5
29371,0.26,-1.10,-0.18,-79.5,7.0,-4.8
29401,0.23,-1.18,-0.46,-82.5,-0.5,-6.5
29401,0.07,-1.63,-0.17,-87.4,-11.1,-5.0
29402,-0.07,-2.20,0.52,-137.5,-5.5,10.7
29431,-0.20,-2.09,0.70,-176.9,2.7,20.3
29460,-0.32,-1.79,0.50,-276.7,19.3,33.5
29491,-0.40,-1.30,0.41,-276.9,20.6,36.4
29491,-0.26,-1.17,0.61,-212.3,21.5,37.1
29521,-0.08,-1.39,0.63,-175.6,30.0,41.9
29521,-0.08,-1.30,0.51,-209.0,33.4,44.7
29550,-0.12,-0.98,0.37,-288.2,38.3,46.1
29611,-0.13,-0.36,0.14,-294.1,34.5,33.0
29611,-0.01,-0.64,0.35,-235.2,26.7,23.3
29612,0.38,-1.02,0.96,-197.6,29.1,29.2
29640,0.40,-0.69,0.86,-187.7,45.5,28.4
29671,0.40,-0.60,0.47,-164.6,48.0,23.5
29673,0.47,-0.58,0.35,-153.9,44.9,20.8
29700,0.44,-0.67,0.73,-144.8,39.8,17.2
29731,0.42,-0.57,0.96,-176.3,48.8,16.1
29731,0.50,-0.31,0.91,-190.6,54.9,13.1
29760,0.58,-0.03,0.82,-173.2,57.1,4.8
29797,0.64,-0.02,1.00,-156.7,57.9,-0.6
29797,0.66,-0.07,1.02,-57.4,69.0,-8.7
29843,0.74,0.07,0.57,40.3,65.8,-7.8
29880,0.82,-0.11,0.89,73.2,60.7,-14.7
29882,0.90,-0.81,1.40,50.9,66.3,-13.8
29882,0.95,-0.60,1.06,-126.1,92.8,-2.2
29911,0.91,-0.27,0.94,-177.5,95.0,-6.0
29911,0.92,0.19,1.07,-213.0,101.0,-21.0
29940,0.91,0.10,0.94,-192.1,107.5,-36.3
29970,0.76,-0.36,0.74,-158.5,103.8,-42.0
29972,0.67,-0.51,0.88,-101.6,104.2,-34.8
30000,0.55,-0.34,0.76,-86.3,107.0,-31.2
30030,0.51,-0.28,0.52,-77.7,110.0,-29.7
30030,0.46,-0.32,0.52,-115.8,107.1,-32.6
30060,0.42,-0.30,0.50,-135.8,108.5,-34.4
30090,0.40,-0.26,0.34,-142.3,107.1,-36.7
30092,0.39,-0.25,0.19,-141.2,105.0,-37.5
30120,0.48,-0.09,0.08,-136.4,99.6,-38.8
30150,0.52,-0.14,0.10,-124.6,92.3,-44.5
30181,0.52,-0.26,0.20,-121.9,85.6,-47.5
30210,0.55,-0.23,0.20,-127.6,85.1,-48.1
30211,0.57,-0.29,0.12,-147.9,82.0,-51.6
30240,0.63,-0.29,0.07,-150.6,80.6,-52.3
30240,0.72,-0.38,-0.00,-153.6,76.7,-54.9
30271,0.76,-0.35,-0.01,-156.7,70.8,-54.4
30272,0.80,-0.27,0.03,-130.2,62.6,-54.9
30317,0.82,-0.42,0.02,-101.6,58.2,-53.0
30330,0.86,-0.46,0.07,-89.1,55.6,-50.2
30360,0.87,-0.39,0.18,-51.5,52.8,-43.3
30391,0.86,-0.39,0.12,-32.4,53.8,-39.6
30391,0.86,-0.34,0.02,-23.4,51.3,-37.5